CustomerID,actual_churn,predicted_churn,churn_probability,Risk Segment,CLTV,Value Segment,Expected CLTV at Risk,Retention Priority,Key Risk Factors,Recommended Action,Tenure Months,Contract,Internet Service,Payment Method,Monthly Charges,Total Charges
0295-PPHDO,1,1,0.9223360499653168,High Risk,5962,High Value,5498.967529893219,Critical,Month-to-month contract; Short tenure; Electronic check; Fiber optic service,Offer incentive to move to a longer-term contract; Promote automatic payment enrollment; Offer discounted or trial tech support,1,Month-to-month,Fiber optic,Electronic check,95.45,95.45
5178-LMXOP,1,1,0.9153174743741656,High Risk,5795,High Value,5304.26476399829,Critical,Month-to-month contract; Short tenure; Electronic check; Fiber optic service,Offer incentive to move to a longer-term contract; Promote automatic payment enrollment; Offer discounted or trial tech support,1,Month-to-month,Fiber optic,Electronic check,95.1,95.1
1628-BIZYP,0,1,0.8782236298861237,High Risk,5754,High Value,5053.2987663647555,Critical,Month-to-month contract; Short tenure; Electronic check; Fiber optic service,Offer incentive to move to a longer-term contract; Promote automatic payment enrollment; Offer discounted or trial tech support,1,Month-to-month,Fiber optic,Electronic check,85.0,85.0
7180-PISOG,1,1,0.8929963336546509,High Risk,5554,High Value,4959.701637117932,Critical,Month-to-month contract; Short tenure; Electronic check; Fiber optic service,Offer incentive to move to a longer-term contract; Promote automatic payment enrollment; Offer discounted or trial tech support,1,Month-to-month,Fiber optic,Electronic check,74.5,74.5
3716-BDVDB,1,1,0.8347031303172943,High Risk,5795,High Value,4837.104640188721,Critical,Month-to-month contract; Short tenure; Electronic check; Fiber optic service,Offer incentive to move to a longer-term contract; Promote automatic payment enrollment; Offer discounted or trial tech support,1,Month-to-month,Fiber optic,Electronic check,69.1,69.1
2865-TCHJW,1,1,0.8068062785986099,High Risk,5808,High Value,4685.930866100726,Critical,Month-to-month contract; Short tenure; Electronic check; Fiber optic service,Offer incentive to move to a longer-term contract; Promote automatic payment enrollment; Offer discounted or trial tech support,4,Month-to-month,Fiber optic,Electronic check,89.2,346.2
6023-YEBUP,1,1,0.8716163869727069,High Risk,5351,High Value,4664.019286690955,Critical,Month-to-month contract; Short tenure; Electronic check; Fiber optic service,Offer incentive to move to a longer-term contract; Promote automatic payment enrollment; Offer discounted or trial tech support,3,Month-to-month,Fiber optic,Electronic check,100.95,329.95
3006-XIMLN,1,1,0.8717925878990649,High Risk,5299,High Value,4619.628923277145,Critical,Month-to-month contract; Short tenure; Fiber optic service; No tech support,Offer incentive to move to a longer-term contract; Offer discounted or trial tech support; Bundle online security with retention offer,2,Month-to-month,Fiber optic,Bank transfer (automatic),94.2,193.8
1320-HTRDR,1,1,0.7677076592072157,High Risk,5948,High Value,4566.325156964519,Critical,Month-to-month contract; Short tenure; Electronic check; Fiber optic service,Offer incentive to move to a longer-term contract; Promote automatic payment enrollment; Offer discounted or trial tech support,3,Month-to-month,Fiber optic,Electronic check,75.5,220.6
6910-HADCM,1,1,0.8121156820907963,High Risk,5613,High Value,4558.40532357564,Critical,Month-to-month contract; Short tenure; Electronic check; Fiber optic service,Offer incentive to move to a longer-term contract; Promote automatic payment enrollment; Offer discounted or trial tech support,1,Month-to-month,Fiber optic,Electronic check,76.35,76.35
6630-UJZMY,0,1,0.8615263986977949,High Risk,5251,High Value,4523.875119562121,Critical,Month-to-month contract; Short tenure; Electronic check; Fiber optic service,Offer incentive to move to a longer-term contract; Promote automatic payment enrollment; Offer discounted or trial tech support,4,Month-to-month,Fiber optic,Electronic check,83.25,308.05
5357-TZHPP,1,1,0.7852733949910735,High Risk,5745,High Value,4511.395654223717,Critical,Month-to-month contract; Fiber optic service; No tech support; No online security,Offer incentive to move to a longer-term contract; Offer discounted or trial tech support; Bundle online security with retention offer,9,Month-to-month,Fiber optic,Credit card (automatic),84.4,732.5
8361-LTMKD,1,1,0.767389789264876,High Risk,5839,High Value,4480.788979517611,Critical,Month-to-month contract; Short tenure; Fiber optic service; No tech support,Offer incentive to move to a longer-term contract; Offer discounted or trial tech support; Bundle online security with retention offer,4,Month-to-month,Fiber optic,Mailed check,74.4,306.6
7409-KIUTL,1,1,0.8369029116615636,High Risk,5345,High Value,4473.246062831057,Critical,Month-to-month contract; Short tenure; Electronic check; Fiber optic service,Offer incentive to move to a longer-term contract; Promote automatic payment enrollment; Offer discounted or trial tech support,1,Month-to-month,Fiber optic,Electronic check,71.0,71.0
8161-QYMTT,0,1,0.829206413958866,High Risk,5259,High Value,4360.796531009676,Critical,Month-to-month contract; Electronic check; Fiber optic service; No tech support,Offer incentive to move to a longer-term contract; Promote automatic payment enrollment; Offer discounted or trial tech support,7,Month-to-month,Fiber optic,Electronic check,94.1,701.3
2754-SDJRD,0,1,0.8435547400787488,High Risk,5157,High Value,4350.211794586107,Critical,Month-to-month contract; Fiber optic service; No online security; High monthly charges,Offer incentive to move to a longer-term contract; Bundle online security with retention offer; Review plan pricing or offer loyalty discount,8,Month-to-month,Fiber optic,Credit card (automatic),100.15,908.55
1768-ZAIFU,1,1,0.7575785248386496,High Risk,5688,High Value,4309.106649282239,Critical,Month-to-month contract; Short tenure; Electronic check; No tech support,Offer incentive to move to a longer-term contract; Promote automatic payment enrollment; Offer discounted or trial tech support,1,Month-to-month,DSL,Electronic check,25.2,25.2
7249-WBIYX,1,1,0.8320272094458262,High Risk,5146,High Value,4281.612019808222,Critical,Month-to-month contract; Electronic check; Fiber optic service; No tech support,Offer incentive to move to a longer-term contract; Promote automatic payment enrollment; Offer discounted or trial tech support,10,Month-to-month,Fiber optic,Electronic check,85.6,813.85
8541-QVFKM,0,1,0.7158974095788597,High Risk,5777,High Value,4135.739335137073,Critical,Month-to-month contract; Electronic check; Fiber optic service; No tech support,Offer incentive to move to a longer-term contract; Promote automatic payment enrollment; Offer discounted or trial tech support,8,Month-to-month,Fiber optic,Electronic check,73.5,632.2
6651-AZVTJ,1,1,0.6792987011658116,High Risk,6088,High Value,4135.570492697461,Critical,Month-to-month contract; Electronic check; Fiber optic service; No tech support,Offer incentive to move to a longer-term contract; Promote automatic payment enrollment; Offer discounted or trial tech support,49,Month-to-month,Fiber optic,Electronic check,99.8,4872.45
3338-CVVEH,0,1,0.7280968581077819,High Risk,5674,High Value,4131.221572903554,Critical,Month-to-month contract; Electronic check; Fiber optic service; No tech support,Offer incentive to move to a longer-term contract; Promote automatic payment enrollment; Offer discounted or trial tech support,12,Month-to-month,Fiber optic,Electronic check,94.55,1173.55
3030-YDNRM,0,1,0.7339502024061293,High Risk,5514,High Value,4047.001416067397,Critical,Month-to-month contract; Electronic check; Fiber optic service; No tech support,Offer incentive to move to a longer-term contract; Promote automatic payment enrollment; Offer discounted or trial tech support,8,Month-to-month,Fiber optic,Electronic check,74.85,572.45
7235-NXZCP,1,1,0.7465106475127942,High Risk,5378,High Value,4014.734262323807,Critical,Month-to-month contract; Short tenure; Fiber optic service; No tech support,Offer incentive to move to a longer-term contract; Offer discounted or trial tech support; Bundle online security with retention offer,2,Month-to-month,Fiber optic,Mailed check,74.85,156.4
5129-JLPIS,0,1,0.6749295971880336,High Risk,5822,High Value,3929.4401148287316,Critical,Month-to-month contract; Electronic check; Fiber optic service; High monthly charges,Offer incentive to move to a longer-term contract; Promote automatic payment enrollment; Review plan pricing or offer loyalty discount,25,Month-to-month,Fiber optic,Electronic check,105.5,2686.05
9851-KIELU,1,1,0.673744932039188,High Risk,5803,High Value,3909.741840623408,Critical,Month-to-month contract; Electronic check; Fiber optic service; High monthly charges,Offer incentive to move to a longer-term contract; Promote automatic payment enrollment; Review plan pricing or offer loyalty discount,10,Month-to-month,Fiber optic,Electronic check,110.1,1043.3
3585-ISXZP,1,1,0.7311746736132421,High Risk,5335,High Value,3900.816883726646,Critical,Month-to-month contract; Fiber optic service; No tech support; No online security,Offer incentive to move to a longer-term contract; Offer discounted or trial tech support; Bundle online security with retention offer,8,Month-to-month,Fiber optic,Bank transfer (automatic),95.65,778.1
4919-IKATY,1,1,0.7430433897385977,High Risk,5141,High Value,3819.986066646131,Critical,Month-to-month contract; Short tenure; Electronic check; Fiber optic service,Offer incentive to move to a longer-term contract; Promote automatic payment enrollment; Offer discounted or trial tech support,5,Month-to-month,Fiber optic,Electronic check,84.5,453.75
5159-YFPKQ,1,1,0.7161525480684159,High Risk,5270,High Value,3774.123928320552,Critical,Month-to-month contract; Short tenure; Electronic check; Fiber optic service,Offer incentive to move to a longer-term contract; Promote automatic payment enrollment; Offer discounted or trial tech support,2,Month-to-month,Fiber optic,Electronic check,75.8,160.75
4706-AXVKM,1,1,0.7327370147147988,High Risk,5118,High Value,3750.1480413103404,Critical,Month-to-month contract; Fiber optic service; No tech support; No online security,Offer incentive to move to a longer-term contract; Offer discounted or trial tech support; Bundle online security with retention offer,11,Month-to-month,Fiber optic,Credit card (automatic),84.8,906.85
7056-IMHCC,1,1,0.6345927029668974,High Risk,5884,High Value,3733.943464257224,Critical,Month-to-month contract; Electronic check; Fiber optic service; No tech support,Offer incentive to move to a longer-term contract; Promote automatic payment enrollment; Offer discounted or trial tech support,53,Month-to-month,Fiber optic,Electronic check,101.9,5549.4
9227-LUNBG,1,1,0.6327126870630183,High Risk,5768,High Value,3649.48677897949,Critical,Month-to-month contract; Short tenure; Electronic check; No tech support,Offer incentive to move to a longer-term contract; Promote automatic payment enrollment; Offer discounted or trial tech support,1,Month-to-month,DSL,Electronic check,24.6,24.6
2495-INZWQ,1,1,0.6458511265932761,High Risk,5605,High Value,3619.9955645553127,Critical,Month-to-month contract; Short tenure; Electronic check; No tech support,Offer incentive to move to a longer-term contract; Promote automatic payment enrollment; Offer discounted or trial tech support,4,Month-to-month,DSL,Electronic check,44.55,174.3
5228-EXCET,1,1,0.6040717611862061,High Risk,5964,High Value,3602.683983714533,Critical,Month-to-month contract; Electronic check; Fiber optic service; No tech support,Offer incentive to move to a longer-term contract; Promote automatic payment enrollment; Offer discounted or trial tech support,13,Month-to-month,Fiber optic,Electronic check,80.85,1008.7
3721-CNEYS,1,1,0.668031192466514,High Risk,5390,High Value,3600.6881273945105,Critical,Month-to-month contract; Short tenure; Electronic check; Fiber optic service,Offer incentive to move to a longer-term contract; Promote automatic payment enrollment; Offer discounted or trial tech support,2,Month-to-month,Fiber optic,Electronic check,70.95,137.95
7354-OIJLX,0,1,0.6903678447774345,High Risk,5212,High Value,3598.1972069799886,Critical,Month-to-month contract; Electronic check; Fiber optic service; No tech support,Offer incentive to move to a longer-term contract; Promote automatic payment enrollment; Offer discounted or trial tech support,9,Month-to-month,Fiber optic,Electronic check,75.85,724.65
2439-LYPMQ,0,1,0.6532860420739693,High Risk,5469,High Value,3572.821364102538,Critical,Month-to-month contract; Electronic check; Fiber optic service; No tech support,Offer incentive to move to a longer-term contract; Promote automatic payment enrollment; Offer discounted or trial tech support,38,Month-to-month,Fiber optic,Electronic check,102.6,4009.2
7912-SYRQT,1,1,0.6467602669563876,High Risk,5514,High Value,3566.2361119975208,Critical,Month-to-month contract; Fiber optic service; No tech support; No online security,Offer incentive to move to a longer-term contract; Offer discounted or trial tech support; Bundle online security with retention offer,7,Month-to-month,Fiber optic,Bank transfer (automatic),75.1,552.95
0899-LIIBW,0,1,0.6022826338170977,High Risk,5891,High Value,3548.046995816522,Critical,Month-to-month contract; Electronic check; Fiber optic service; No tech support,Offer incentive to move to a longer-term contract; Promote automatic payment enrollment; Offer discounted or trial tech support,34,Month-to-month,Fiber optic,Electronic check,100.85,3527.3
7198-GLXTC,1,1,0.6621299161649266,High Risk,5239,High Value,3468.89863078805,Critical,Month-to-month contract; Short tenure; Electronic check; Fiber optic service,Offer incentive to move to a longer-term contract; Promote automatic payment enrollment; Offer discounted or trial tech support,2,Month-to-month,Fiber optic,Electronic check,79.0,143.65
7029-RPUAV,1,1,0.6267552755175496,High Risk,5508,High Value,3452.1680575506634,Critical,Month-to-month contract; Fiber optic service; No tech support; No online security,Offer incentive to move to a longer-term contract; Offer discounted or trial tech support; Bundle online security with retention offer,17,Month-to-month,Fiber optic,Credit card (automatic),100.45,1622.45
2386-LAHRK,1,1,0.6735307719283279,High Risk,5094,High Value,3430.9657522029024,Critical,Month-to-month contract; Short tenure; No tech support; No online security,Offer incentive to move to a longer-term contract; Offer discounted or trial tech support; Bundle online security with retention offer,1,Month-to-month,DSL,Mailed check,53.5,53.5
4317-VTEOA,1,1,0.638759916103322,High Risk,5355,High Value,3420.559350733289,Critical,Month-to-month contract; Short tenure; Electronic check; No tech support,Offer incentive to move to a longer-term contract; Promote automatic payment enrollment; Offer discounted or trial tech support,1,Month-to-month,DSL,Electronic check,50.75,50.75
4301-VVZKA,0,1,0.6285728696048203,High Risk,5432,High Value,3414.4078276933838,Critical,Month-to-month contract; Electronic check; Fiber optic service; No tech support,Offer incentive to move to a longer-term contract; Promote automatic payment enrollment; Offer discounted or trial tech support,16,Month-to-month,Fiber optic,Electronic check,75.4,1189.4
9692-TUSXH,1,1,0.6029403997874266,High Risk,5581,High Value,3365.010371213628,Critical,Month-to-month contract; Electronic check; Fiber optic service; No tech support,Offer incentive to move to a longer-term contract; Promote automatic payment enrollment; Offer discounted or trial tech support,18,Month-to-month,Fiber optic,Electronic check,96.05,1740.7
1475-VWVDO,0,1,0.6245467755686951,High Risk,5335,High Value,3331.9570476589884,Critical,Month-to-month contract; Electronic check; Fiber optic service; No tech support,Offer incentive to move to a longer-term contract; Promote automatic payment enrollment; Offer discounted or trial tech support,7,Month-to-month,Fiber optic,Electronic check,74.9,490.55
6507-ZJSUR,0,1,0.6145339927719404,High Risk,5272,High Value,3239.82320989367,Critical,Month-to-month contract; Electronic check; Fiber optic service; No tech support,Offer incentive to move to a longer-term contract; Promote automatic payment enrollment; Offer discounted or trial tech support,23,Month-to-month,Fiber optic,Electronic check,90.45,2117.25
1016-DJTSV,0,1,0.6057654333226999,High Risk,5242,High Value,3175.422401477593,Critical,Month-to-month contract; Electronic check; Fiber optic service; No tech support,Offer incentive to move to a longer-term contract; Promote automatic payment enrollment; Offer discounted or trial tech support,8,Month-to-month,Fiber optic,Electronic check,69.7,572.85
0970-ETWGE,1,1,0.886613143794203,High Risk,4996,Medium Value,4429.519266395838,High,Month-to-month contract; Short tenure; Electronic check; Fiber optic service,Offer incentive to move to a longer-term contract; Promote automatic payment enrollment; Offer discounted or trial tech support,1,Month-to-month,Fiber optic,Electronic check,89.55,89.55
6372-RFVNS,1,1,0.8710957278880047,High Risk,5075,Medium Value,4420.810819031624,High,Month-to-month contract; Short tenure; Electronic check; Fiber optic service,Offer incentive to move to a longer-term contract; Promote automatic payment enrollment; Offer discounted or trial tech support,1,Month-to-month,Fiber optic,Electronic check,78.8,78.8
7181-BQYBV,1,1,0.9144100340706268,High Risk,4811,Medium Value,4399.226673913786,High,Month-to-month contract; Short tenure; Electronic check; Fiber optic service,Offer incentive to move to a longer-term contract; Promote automatic payment enrollment; Offer discounted or trial tech support,1,Month-to-month,Fiber optic,Electronic check,102.45,102.45
2545-EBUPK,0,1,0.8628146739769555,High Risk,5039,Medium Value,4347.723142169879,High,Month-to-month contract; Short tenure; Electronic check; Fiber optic service,Offer incentive to move to a longer-term contract; Promote automatic payment enrollment; Offer discounted or trial tech support,2,Month-to-month,Fiber optic,Electronic check,84.05,186.05
4927-WWOOZ,0,1,0.8707286198313076,High Risk,4889,Medium Value,4256.992222355263,High,Month-to-month contract; Short tenure; Electronic check; Fiber optic service,Offer incentive to move to a longer-term contract; Promote automatic payment enrollment; Offer discounted or trial tech support,2,Month-to-month,Fiber optic,Electronic check,91.45,171.45
8593-WHYHV,1,1,0.8392260219226952,High Risk,4934,Medium Value,4140.741192166578,High,Month-to-month contract; Short tenure; Electronic check; Fiber optic service,Offer incentive to move to a longer-term contract; Promote automatic payment enrollment; Offer discounted or trial tech support,3,Month-to-month,Fiber optic,Electronic check,85.3,264.8
5196-SGOAK,1,1,0.8392660770909316,High Risk,4884,Medium Value,4098.97552051211,High,Month-to-month contract; Short tenure; Electronic check; Fiber optic service,Offer incentive to move to a longer-term contract; Promote automatic payment enrollment; Offer discounted or trial tech support,1,Month-to-month,Fiber optic,Electronic check,75.7,75.7
2514-GINMM,1,1,0.8957303161105075,High Risk,4490,Medium Value,4021.8291193361783,High,Month-to-month contract; Short tenure; Electronic check; Fiber optic service,Offer incentive to move to a longer-term contract; Promote automatic payment enrollment; Offer discounted or trial tech support,1,Month-to-month,Fiber optic,Electronic check,79.5,79.5
3707-GNWHM,1,1,0.8273581790113368,High Risk,4750,Medium Value,3929.9513503038497,High,Month-to-month contract; Short tenure; Fiber optic service; No tech support,Offer incentive to move to a longer-term contract; Offer discounted or trial tech support; Bundle online security with retention offer,1,Month-to-month,Fiber optic,Mailed check,74.25,74.25
1867-BDVFH,1,1,0.7681409294175253,High Risk,5075,Medium Value,3898.315216793941,High,Month-to-month contract; Electronic check; Fiber optic service; No tech support,Offer incentive to move to a longer-term contract; Promote automatic payment enrollment; Offer discounted or trial tech support,11,Month-to-month,Fiber optic,Electronic check,74.35,834.2
0679-IDSTG,1,1,0.8518146480125427,High Risk,4568,Medium Value,3891.089312121295,High,Month-to-month contract; Short tenure; Electronic check; Fiber optic service,Offer incentive to move to a longer-term contract; Promote automatic payment enrollment; Offer discounted or trial tech support,1,Month-to-month,Fiber optic,Electronic check,69.25,69.25
3722-WPXTK,1,1,0.8735949236881128,High Risk,4254,Medium Value,3716.2728053692317,High,Month-to-month contract; Short tenure; Electronic check; Fiber optic service,Offer incentive to move to a longer-term contract; Promote automatic payment enrollment; Offer discounted or trial tech support,1,Month-to-month,Fiber optic,Electronic check,88.35,88.35
4587-VVTOX,1,1,0.8909233580660848,High Risk,4163,Medium Value,3708.913939629111,High,Month-to-month contract; Short tenure; Electronic check; Fiber optic service,Offer incentive to move to a longer-term contract; Promote automatic payment enrollment; Offer discounted or trial tech support,6,Month-to-month,Fiber optic,Electronic check,105.3,545.2
8622-ZLFKO,0,1,0.8582067827008303,High Risk,4297,Medium Value,3687.7145452654677,High,Month-to-month contract; Short tenure; Electronic check; Fiber optic service,Offer incentive to move to a longer-term contract; Promote automatic payment enrollment; Offer discounted or trial tech support,6,Month-to-month,Fiber optic,Electronic check,90.75,512.25
8699-ASUFO,1,1,0.7396521784642832,High Risk,4969,Medium Value,3675.3316747890235,High,Month-to-month contract; Fiber optic service; No tech support; No online security,Offer incentive to move to a longer-term contract; Offer discounted or trial tech support; Bundle online security with retention offer,7,Month-to-month,Fiber optic,Mailed check,74.4,527.9
1024-GUALD,1,1,0.7488479999323967,High Risk,4851,Medium Value,3632.6616476720565,High,Month-to-month contract; Short tenure; Electronic check; No tech support,Offer incentive to move to a longer-term contract; Promote automatic payment enrollment; Offer discounted or trial tech support,1,Month-to-month,DSL,Electronic check,24.8,24.8
3422-LYEPQ,1,1,0.8547998978917716,High Risk,4207,Medium Value,3596.143170430683,High,Month-to-month contract; Short tenure; Electronic check; Fiber optic service,Offer incentive to move to a longer-term contract; Promote automatic payment enrollment; Offer discounted or trial tech support,1,Month-to-month,Fiber optic,Electronic check,71.0,71.0
8739-XNIKG,0,1,0.8035487290957815,High Risk,4456,Medium Value,3580.613136850802,High,Month-to-month contract; Short tenure; Electronic check; Fiber optic service,Offer incentive to move to a longer-term contract; Promote automatic payment enrollment; Offer discounted or trial tech support,5,Month-to-month,Fiber optic,Electronic check,84.0,424.75
9465-RWMXL,1,1,0.5904235400349302,Medium Risk,5949,High Value,3512.4296396678,High,Month-to-month contract; Electronic check; Fiber optic service; No tech support,Offer incentive to move to a longer-term contract; Promote automatic payment enrollment; Offer discounted or trial tech support,32,Month-to-month,Fiber optic,Electronic check,78.9,2447.95
4237-RLAQD,1,1,0.5842118980128098,Medium Risk,5930,High Value,3464.376555215962,High,Month-to-month contract; Short tenure; No tech support; No online security,Offer incentive to move to a longer-term contract; Offer discounted or trial tech support; Bundle online security with retention offer,1,Month-to-month,DSL,Mailed check,45.85,45.85
3244-DCJWY,1,1,0.8347031303172943,High Risk,4133,Medium Value,3449.828037601377,High,Month-to-month contract; Short tenure; Electronic check; Fiber optic service,Offer incentive to move to a longer-term contract; Promote automatic payment enrollment; Offer discounted or trial tech support,1,Month-to-month,Fiber optic,Electronic check,70.25,70.25
7817-BOQPW,1,1,0.7881061777831707,High Risk,4320,Medium Value,3404.6186880232976,High,Month-to-month contract; Short tenure; Electronic check; Fiber optic service,Offer incentive to move to a longer-term contract; Promote automatic payment enrollment; Offer discounted or trial tech support,2,Month-to-month,Fiber optic,Electronic check,75.55,166.3
5376-DEQCP,1,1,0.8347031303172943,High Risk,4063,Medium Value,3391.3988184791665,High,Month-to-month contract; Short tenure; Electronic check; Fiber optic service,Offer incentive to move to a longer-term contract; Promote automatic payment enrollment; Offer discounted or trial tech support,1,Month-to-month,Fiber optic,Electronic check,70.6,70.6
1731-TVIUK,1,1,0.7441011641787154,High Risk,4554,Medium Value,3388.63670166987,High,Month-to-month contract; Short tenure; Electronic check; Fiber optic service,Offer incentive to move to a longer-term contract; Promote automatic payment enrollment; Bundle online security with retention offer,4,Month-to-month,Fiber optic,Electronic check,93.5,362.2
2845-HSJCY,1,1,0.7013537174488153,High Risk,4786,Medium Value,3356.67889171003,High,Month-to-month contract; Electronic check; Fiber optic service; No tech support,Offer incentive to move to a longer-term contract; Promote automatic payment enrollment; Offer discounted or trial tech support,14,Month-to-month,Fiber optic,Electronic check,87.25,1258.6
9279-CJEOJ,0,1,0.5890639504089249,Medium Risk,5691,High Value,3352.3629417771917,High,Month-to-month contract; Fiber optic service; No tech support; No online security,Offer incentive to move to a longer-term contract; Offer discounted or trial tech support; Bundle online security with retention offer,21,Month-to-month,Fiber optic,Bank transfer (automatic),95.4,2025.1
2034-GDRCN,1,1,0.8016656145666071,High Risk,4157,Medium Value,3332.523959753386,High,Month-to-month contract; Short tenure; Electronic check; Fiber optic service,Offer incentive to move to a longer-term contract; Promote automatic payment enrollment; Offer discounted or trial tech support,2,Month-to-month,Fiber optic,Electronic check,90.4,168.2
7363-QTBIW,0,1,0.7146663715826939,High Risk,4654,Medium Value,3326.057293345857,High,Month-to-month contract; Electronic check; Fiber optic service; No tech support,Offer incentive to move to a longer-term contract; Promote automatic payment enrollment; Offer discounted or trial tech support,9,Month-to-month,Fiber optic,Electronic check,79.75,769.1
0952-KMEEH,1,1,0.5999348185632486,Medium Risk,5525,High Value,3314.6398725619483,High,Month-to-month contract; Fiber optic service; No tech support; High monthly charges,Offer incentive to move to a longer-term contract; Offer discounted or trial tech support; Review plan pricing or offer loyalty discount,13,Month-to-month,Fiber optic,Mailed check,98.15,1230.25
4983-CCWMC,0,1,0.5944887583886488,Medium Risk,5487,High Value,3261.959817278516,High,Month-to-month contract; Short tenure; Fiber optic service; No tech support,Offer incentive to move to a longer-term contract; Offer discounted or trial tech support; Bundle online security with retention offer,3,Month-to-month,Fiber optic,Mailed check,69.6,207.4
4735-ASGMA,1,1,0.6498205155970285,High Risk,4997,Medium Value,3247.1531164383514,High,Month-to-month contract; Electronic check; Fiber optic service; No tech support,Offer incentive to move to a longer-term contract; Promote automatic payment enrollment; Offer discounted or trial tech support,26,Month-to-month,Fiber optic,Electronic check,98.35,2515.3
3858-VOBET,1,1,0.548760750739494,Medium Risk,5897,High Value,3236.0421471107966,High,Month-to-month contract; Electronic check; Fiber optic service; No tech support,Offer incentive to move to a longer-term contract; Promote automatic payment enrollment; Offer discounted or trial tech support,23,Month-to-month,Fiber optic,Electronic check,74.95,1710.45
2959-MJHIC,1,1,0.7690106882298539,High Risk,4167,Medium Value,3204.467537853801,High,Month-to-month contract; Short tenure; Electronic check; Fiber optic service,Offer incentive to move to a longer-term contract; Promote automatic payment enrollment; Offer discounted or trial tech support,4,Month-to-month,Fiber optic,Electronic check,80.35,307.4
3519-ZKXGG,1,1,0.7883374403020267,High Risk,4062,Medium Value,3202.2266825068323,High,Month-to-month contract; Short tenure; Electronic check; Fiber optic service,Offer incentive to move to a longer-term contract; Promote automatic payment enrollment; Offer discounted or trial tech support,3,Month-to-month,Fiber optic,Electronic check,75.85,256.6
7005-CCBKV,1,1,0.7026249563372317,High Risk,4539,Medium Value,3189.2146768146945,High,Month-to-month contract; Short tenure; Electronic check; Fiber optic service,Offer incentive to move to a longer-term contract; Promote automatic payment enrollment; Offer discounted or trial tech support,6,Month-to-month,Fiber optic,Electronic check,84.4,556.35
9747-DDZOS,1,1,0.7280371557097696,High Risk,4378,Medium Value,3187.3466676973712,High,Month-to-month contract; Short tenure; Fiber optic service; No tech support,Offer incentive to move to a longer-term contract; Offer discounted or trial tech support; Bundle online security with retention offer,1,Month-to-month,Fiber optic,Bank transfer (automatic),73.5,73.5
6328-ZPBGN,1,1,0.7798155241026056,High Risk,4074,Medium Value,3176.968445194015,High,Month-to-month contract; Fiber optic service; No tech support; No online security,Offer incentive to move to a longer-term contract; Offer discounted or trial tech support; Bundle online security with retention offer,11,Month-to-month,Fiber optic,Bank transfer (automatic),95.15,997.65
4806-KEXQR,1,1,0.6797161314283393,High Risk,4669,Medium Value,3173.594617638916,High,Month-to-month contract; Short tenure; Electronic check; Fiber optic service,Offer incentive to move to a longer-term contract; Promote automatic payment enrollment; Offer discounted or trial tech support,4,Month-to-month,Fiber optic,Electronic check,79.9,324.3
4713-LZDRV,1,1,0.7286858381691529,High Risk,4322,Medium Value,3149.3801925670787,High,Month-to-month contract; Short tenure; Electronic check; Fiber optic service,Offer incentive to move to a longer-term contract; Promote automatic payment enrollment; Offer discounted or trial tech support,2,Month-to-month,Fiber optic,Electronic check,79.6,195.05
0258-NOKBL,0,1,0.559128766831894,Medium Risk,5625,High Value,3145.099313429404,High,Month-to-month contract; Short tenure; Electronic check; Fiber optic service,Offer incentive to move to a longer-term contract; Promote automatic payment enrollment; Offer discounted or trial tech support,3,Month-to-month,Fiber optic,Electronic check,90.4,268.45
5281-BUZGT,1,1,0.5486829970507618,Medium Risk,5692,High Value,3123.1036192129363,High,Month-to-month contract; Electronic check; Fiber optic service; No tech support,Offer incentive to move to a longer-term contract; Promote automatic payment enrollment; Offer discounted or trial tech support,36,Month-to-month,Fiber optic,Electronic check,90.85,3186.7
4229-CZMLL,1,1,0.7466956177259333,High Risk,4160,Medium Value,3106.2537697398825,High,Month-to-month contract; Short tenure; Electronic check; Fiber optic service,Offer incentive to move to a longer-term contract; Promote automatic payment enrollment; Offer discounted or trial tech support,6,Month-to-month,Fiber optic,Electronic check,74.9,469.8
6166-ILMNY,1,1,0.5467633419570435,Medium Risk,5667,High Value,3098.507858870565,High,Month-to-month contract; Short tenure; Fiber optic service; No tech support,Offer incentive to move to a longer-term contract; Offer discounted or trial tech support; Bundle online security with retention offer,2,Month-to-month,Fiber optic,Bank transfer (automatic),69.75,144.55
5889-JTMUL,1,1,0.5276118674391004,Medium Risk,5863,High Value,3093.3883787954455,High,Month-to-month contract; Electronic check; Fiber optic service; No tech support,Offer incentive to move to a longer-term contract; Promote automatic payment enrollment; Offer discounted or trial tech support,50,Month-to-month,Fiber optic,Electronic check,95.05,4888.7
8714-EUHJO,1,1,0.5860849658850031,Medium Risk,5219,High Value,3058.7774369538315,High,Month-to-month contract; Electronic check; Fiber optic service; No tech support,Offer incentive to move to a longer-term contract; Promote automatic payment enrollment; Offer discounted or trial tech support,31,Month-to-month,Fiber optic,Electronic check,91.15,2995.45
1335-NTIUC,0,1,0.556321401271612,Medium Risk,5473,High Value,3044.7470291595323,High,Month-to-month contract; Electronic check; No tech support; No online security,Offer incentive to move to a longer-term contract; Promote automatic payment enrollment; Offer discounted or trial tech support,9,Month-to-month,DSL,Electronic check,24.95,190.25
3877-JRJIP,1,1,0.7506300339399335,High Risk,4017,Medium Value,3015.2808463367132,High,Month-to-month contract; Short tenure; Electronic check; No tech support,Offer incentive to move to a longer-term contract; Promote automatic payment enrollment; Offer discounted or trial tech support,1,Month-to-month,DSL,Electronic check,59.85,59.85
7130-VTEWQ,1,1,0.7194348444769856,High Risk,4174,Medium Value,3002.921040846938,High,Month-to-month contract; Electronic check; Fiber optic service; No tech support,Offer incentive to move to a longer-term contract; Promote automatic payment enrollment; Offer discounted or trial tech support,8,Month-to-month,Fiber optic,Electronic check,75.75,606.25
5628-FCGYG,0,1,0.6443853491602543,High Risk,4649,Medium Value,2995.747488246022,High,Month-to-month contract; Electronic check; Fiber optic service; No tech support,Offer incentive to move to a longer-term contract; Promote automatic payment enrollment; Offer discounted or trial tech support,21,Month-to-month,Fiber optic,Electronic check,84.1,1737.45
1902-XBTFB,1,1,0.5462631950679875,Medium Risk,5438,High Value,2970.579254779716,High,Month-to-month contract; Electronic check; Fiber optic service; No tech support,Offer incentive to move to a longer-term contract; Promote automatic payment enrollment; Offer discounted or trial tech support,22,Month-to-month,Fiber optic,Electronic check,89.4,2001.5
2985-FMWYF,0,1,0.609126379089531,High Risk,4861,Medium Value,2960.9633287542106,High,Month-to-month contract; Electronic check; Fiber optic service; No tech support,Offer incentive to move to a longer-term contract; Promote automatic payment enrollment; Offer discounted or trial tech support,23,Month-to-month,Fiber optic,Electronic check,93.5,2341.55
8778-LMWTJ,0,1,0.5118530827300998,Medium Risk,5770,High Value,2953.392287352676,High,Month-to-month contract; Electronic check; Fiber optic service; No tech support,Offer incentive to move to a longer-term contract; Promote automatic payment enrollment; Offer discounted or trial tech support,9,Month-to-month,Fiber optic,Electronic check,74.85,708.2
8785-CJSHH,0,0,0.4749974483702235,Medium Risk,6213,High Value,2951.1591467241988,High,Month-to-month contract; Electronic check; Fiber optic service; No tech support,Offer incentive to move to a longer-term contract; Promote automatic payment enrollment; Offer discounted or trial tech support,60,Month-to-month,Fiber optic,Electronic check,99.8,5985.75
8739-WWKDU,1,1,0.60777336664118,High Risk,4849,Medium Value,2947.0930548430815,High,Month-to-month contract; Electronic check; Fiber optic service; No tech support,Offer incentive to move to a longer-term contract; Promote automatic payment enrollment; Offer discounted or trial tech support,25,Month-to-month,Fiber optic,Electronic check,89.5,2196.15
3365-SAIGS,0,1,0.5267591512433241,Medium Risk,5564,High Value,2930.887917517855,High,Month-to-month contract; Electronic check; Fiber optic service; No tech support,Offer incentive to move to a longer-term contract; Promote automatic payment enrollment; Offer discounted or trial tech support,17,Month-to-month,Fiber optic,Electronic check,83.55,1329.15
9992-UJOEL,0,0,0.4978081662132636,Medium Risk,5870,High Value,2922.1339356718577,High,Month-to-month contract; Short tenure; No tech support; No online security,Offer incentive to move to a longer-term contract; Offer discounted or trial tech support; Bundle online security with retention offer,2,Month-to-month,DSL,Mailed check,50.3,92.75
6338-AVWCY,1,1,0.6133040161255182,High Risk,4710,Medium Value,2888.6619159511906,High,Month-to-month contract; Short tenure; No tech support; No online security,Offer incentive to move to a longer-term contract; Offer discounted or trial tech support; Bundle online security with retention offer,3,Month-to-month,DSL,Mailed check,40.15,130.75
8445-DNBAE,0,1,0.5175207297500383,Medium Risk,5523,High Value,2858.2669904094614,High,Month-to-month contract; Short tenure; Electronic check; No tech support,Offer incentive to move to a longer-term contract; Promote automatic payment enrollment; Offer discounted or trial tech support,1,Month-to-month,DSL,Electronic check,50.05,50.05
0004-TLHLJ,1,1,0.6346184575182062,High Risk,4479,Medium Value,2842.456071224046,High,Month-to-month contract; Short tenure; Electronic check; Fiber optic service,Offer incentive to move to a longer-term contract; Promote automatic payment enrollment; Offer discounted or trial tech support,4,Month-to-month,Fiber optic,Electronic check,73.9,280.85
9962-BFPDU,0,0,0.4887402164492964,Medium Risk,5811,High Value,2840.0693977868614,High,Month-to-month contract; Short tenure,Offer incentive to move to a longer-term contract; Trigger new-customer onboarding outreach,1,Month-to-month,No,Mailed check,20.05,20.05
7952-OBOYL,0,1,0.6914738947067136,High Risk,4096,Medium Value,2832.277072718699,High,Month-to-month contract; Short tenure; Fiber optic service; No online security,Offer incentive to move to a longer-term contract; Bundle online security with retention offer; Review plan pricing or offer loyalty discount,3,Month-to-month,Fiber optic,Mailed check,89.85,244.45
8992-CEUEN,0,1,0.552705647824314,Medium Risk,5084,High Value,2809.9555135388123,High,Month-to-month contract; Short tenure; Electronic check,Offer incentive to move to a longer-term contract; Promote automatic payment enrollment; Trigger new-customer onboarding outreach,1,Month-to-month,No,Electronic check,18.85,18.85
4873-ILOLJ,1,1,0.5053773527503186,Medium Risk,5546,High Value,2802.822798353267,High,Month-to-month contract; Electronic check; Fiber optic service; No tech support,Offer incentive to move to a longer-term contract; Promote automatic payment enrollment; Offer discounted or trial tech support,24,Month-to-month,Fiber optic,Electronic check,90.35,2238.5
9508-ILZDG,0,1,0.5137794832540754,Medium Risk,5425,High Value,2787.253696653359,High,Month-to-month contract; Electronic check; Fiber optic service; No online security,Offer incentive to move to a longer-term contract; Promote automatic payment enrollment; Bundle online security with retention offer,34,Month-to-month,Fiber optic,Electronic check,96.35,3190.25
8873-GLDMH,0,1,0.6565637388185681,High Risk,4220,Medium Value,2770.6989778143575,High,Month-to-month contract; Short tenure; Fiber optic service; No tech support,Offer incentive to move to a longer-term contract; Offer discounted or trial tech support; Bundle online security with retention offer,6,Month-to-month,Fiber optic,Mailed check,73.85,401.3
1310-QRITU,0,0,0.4713715437016123,Medium Risk,5877,High Value,2770.2505623343754,High,Month-to-month contract; Electronic check; No tech support; No online security,Offer incentive to move to a longer-term contract; Promote automatic payment enrollment; Offer discounted or trial tech support,18,Month-to-month,DSL,Electronic check,50.3,913.3
1471-GIQKQ,0,1,0.5263538995973986,Medium Risk,5230,High Value,2752.830894894395,High,Month-to-month contract; Short tenure; Electronic check; No tech support,Offer incentive to move to a longer-term contract; Promote automatic payment enrollment; Offer discounted or trial tech support,1,Month-to-month,DSL,Electronic check,49.95,49.95
5419-KLXBN,1,0,0.4674569400890661,Medium Risk,5853,High Value,2736.025470341304,High,Month-to-month contract; Fiber optic service; No tech support; No online security,Offer incentive to move to a longer-term contract; Offer discounted or trial tech support; Bundle online security with retention offer,25,Month-to-month,Fiber optic,Bank transfer (automatic),89.15,2257.75
6712-OAWRH,1,1,0.5244121090578201,Medium Risk,5154,High Value,2702.820010084005,High,Month-to-month contract; Electronic check; Fiber optic service; No tech support,Offer incentive to move to a longer-term contract; Promote automatic payment enrollment; Offer discounted or trial tech support,26,Month-to-month,Fiber optic,Electronic check,91.25,2351.8
6899-PPEEA,1,1,0.6028525041315694,High Risk,4448,Medium Value,2681.487938377221,High,Month-to-month contract; Electronic check; Fiber optic service; No tech support,Offer incentive to move to a longer-term contract; Promote automatic payment enrollment; Offer discounted or trial tech support,37,Month-to-month,Fiber optic,Electronic check,96.55,3580.3
2227-JRSJX,0,1,0.5032192848509989,Medium Risk,5324,High Value,2679.139472546718,High,Month-to-month contract; Fiber optic service; No online security; High monthly charges,Offer incentive to move to a longer-term contract; Bundle online security with retention offer; Review plan pricing or offer loyalty discount,21,Month-to-month,Fiber optic,Bank transfer (automatic),99.15,1956.4
0310-MVLET,1,0,0.4749974483702235,Medium Risk,5612,High Value,2665.6856802536945,High,Month-to-month contract; Electronic check; Fiber optic service; No tech support,Offer incentive to move to a longer-term contract; Promote automatic payment enrollment; Offer discounted or trial tech support,61,Month-to-month,Fiber optic,Electronic check,99.15,6010.05
2325-NBPZG,0,1,0.5182847941272003,Medium Risk,5125,High Value,2656.2095699019014,High,Month-to-month contract; Short tenure; Electronic check; Fiber optic service,Offer incentive to move to a longer-term contract; Promote automatic payment enrollment; Offer discounted or trial tech support,3,Month-to-month,Fiber optic,Electronic check,74.55,233.65
4208-UFFGW,1,0,0.4492333830388466,Medium Risk,5900,High Value,2650.476959929195,High,Month-to-month contract; Short tenure; No tech support; No online security,Offer incentive to move to a longer-term contract; Offer discounted or trial tech support; Bundle online security with retention offer,2,Month-to-month,DSL,Mailed check,44.95,85.15
5759-RCVCB,1,0,0.4857203275625896,Medium Risk,5450,High Value,2647.175785216113,High,Month-to-month contract; Short tenure; No tech support; No online security,Offer incentive to move to a longer-term contract; Offer discounted or trial tech support; Bundle online security with retention offer,3,Month-to-month,DSL,Credit card (automatic),35.2,108.95
1895-QTKDO,0,0,0.4613938756693216,Medium Risk,5684,High Value,2622.562789304424,High,Month-to-month contract; Short tenure; No tech support; No online security,Offer incentive to move to a longer-term contract; Offer discounted or trial tech support; Bundle online security with retention offer,1,Month-to-month,DSL,Credit card (automatic),43.95,43.95
2955-BJZHG,1,1,0.5041260219549561,Medium Risk,5174,High Value,2608.348037594943,High,Month-to-month contract; Electronic check; Fiber optic service; No tech support,Offer incentive to move to a longer-term contract; Promote automatic payment enrollment; Offer discounted or trial tech support,17,Month-to-month,Fiber optic,Electronic check,80.85,1400.85
0388-EOPEX,1,1,0.6017022899770548,High Risk,4263,Medium Value,2565.0568621721845,High,Month-to-month contract; Short tenure; Electronic check; Fiber optic service,Offer incentive to move to a longer-term contract; Promote automatic payment enrollment; Offer discounted or trial tech support,2,Month-to-month,Fiber optic,Electronic check,74.4,139.4
0256-LTHVJ,1,0,0.4925924686256842,Medium Risk,5201,High Value,2561.9734293221836,High,Month-to-month contract; Electronic check; Fiber optic service; No tech support,Offer incentive to move to a longer-term contract; Promote automatic payment enrollment; Offer discounted or trial tech support,28,Month-to-month,Fiber optic,Electronic check,81.05,2227.1
8650-RHRKE,1,1,0.6083583576111256,High Risk,4207,Medium Value,2559.3636104700054,High,Month-to-month contract; Short tenure; Electronic check; No tech support,Offer incentive to move to a longer-term contract; Promote automatic payment enrollment; Offer discounted or trial tech support,4,Month-to-month,DSL,Electronic check,29.65,118.5
7861-UVUFT,1,1,0.635104534152519,High Risk,4003,Medium Value,2542.3234502125333,High,Month-to-month contract; Electronic check; Fiber optic service; No tech support,Offer incentive to move to a longer-term contract; Promote automatic payment enrollment; Offer discounted or trial tech support,15,Month-to-month,Fiber optic,Electronic check,84.3,1308.4
2386-OWURY,0,0,0.3914543611326316,Medium Risk,6460,High Value,2528.7951729168003,High,Month-to-month contract; Electronic check; Fiber optic service; No online security,Offer incentive to move to a longer-term contract; Promote automatic payment enrollment; Bundle online security with retention offer,58,Month-to-month,Fiber optic,Electronic check,95.3,5817.7
9979-RGMZT,0,0,0.4526792411718983,Medium Risk,5545,High Value,2510.106392298176,High,Fiber optic service; No tech support; No online security; High monthly charges,Offer discounted or trial tech support; Bundle online security with retention offer; Review plan pricing or offer loyalty discount,7,One year,Fiber optic,Mailed check,94.05,633.45
5698-BQJOH,1,0,0.4489658249592037,Medium Risk,5571,High Value,2501.188610847724,High,Month-to-month contract; Electronic check; Fiber optic service; No tech support,Offer incentive to move to a longer-term contract; Promote automatic payment enrollment; Offer discounted or trial tech support,9,Month-to-month,Fiber optic,Electronic check,94.4,857.25
9638-JIQYA,0,1,0.6144809283238032,High Risk,4033,Medium Value,2478.2015839298983,High,Month-to-month contract; Short tenure; No tech support; No online security,Offer incentive to move to a longer-term contract; Offer discounted or trial tech support; Bundle online security with retention offer,2,Month-to-month,DSL,Credit card (automatic),24.9,49.7
1100-DDVRV,0,0,0.4409236731259222,Medium Risk,5575,High Value,2458.149477677016,High,Month-to-month contract; No tech support; No online security,Offer incentive to move to a longer-term contract; Offer discounted or trial tech support; Bundle online security with retention offer,17,Month-to-month,DSL,Mailed check,49.8,836.35
6304-IJFSQ,1,0,0.4397703563634705,Medium Risk,5585,High Value,2456.117440289983,High,Month-to-month contract; Short tenure; No tech support; No online security,Offer incentive to move to a longer-term contract; Offer discounted or trial tech support; Bundle online security with retention offer,3,Month-to-month,DSL,Mailed check,49.9,130.1
1346-UFHAX,0,0,0.4386383443108295,Medium Risk,5577,High Value,2446.2860462214962,High,Month-to-month contract; Fiber optic service; No tech support,Offer incentive to move to a longer-term contract; Offer discounted or trial tech support,13,Month-to-month,Fiber optic,Credit card (automatic),80.0,1029.35
0422-UXFAP,0,0,0.4045685849551927,Medium Risk,6034,High Value,2441.166841619633,High,Electronic check; Fiber optic service; No tech support; No online security,Promote automatic payment enrollment; Offer discounted or trial tech support; Bundle online security with retention offer,51,One year,Fiber optic,Electronic check,98.85,4947.55
3923-CSIHK,1,0,0.4234292398034597,Medium Risk,5746,High Value,2433.0244119106796,High,Month-to-month contract; Electronic check; Fiber optic service; No tech support,Offer incentive to move to a longer-term contract; Promote automatic payment enrollment; Offer discounted or trial tech support,50,Month-to-month,Fiber optic,Electronic check,71.05,3444.85
4223-WOZCM,0,0,0.4606952777250434,Medium Risk,5251,High Value,2419.1109033342027,High,Month-to-month contract; Short tenure; No tech support; No online security,Offer incentive to move to a longer-term contract; Offer discounted or trial tech support; Bundle online security with retention offer,2,Month-to-month,DSL,Mailed check,49.95,107.1
6710-HSJRD,0,0,0.4613247705708885,Medium Risk,5239,High Value,2416.880473020885,High,Month-to-month contract; Electronic check; Fiber optic service; No online security,Offer incentive to move to a longer-term contract; Promote automatic payment enrollment; Bundle online security with retention offer,61,Month-to-month,Fiber optic,Electronic check,114.1,7132.15
6286-SUUWT,0,0,0.4077069614043447,Medium Risk,5916,High Value,2411.994383668103,High,Month-to-month contract; Short tenure,Offer incentive to move to a longer-term contract; Trigger new-customer onboarding outreach,1,Month-to-month,No,Mailed check,19.95,19.95
2478-EEWWM,0,0,0.401678123253275,Medium Risk,5905,High Value,2371.909317810589,High,Month-to-month contract; Electronic check; No tech support; No online security,Offer incentive to move to a longer-term contract; Promote automatic payment enrollment; Offer discounted or trial tech support,59,Month-to-month,DSL,Electronic check,44.3,2666.75
6557-BZXLQ,0,0,0.4227889899068933,Medium Risk,5610,High Value,2371.8462333776715,High,Month-to-month contract; Electronic check; Fiber optic service; No tech support,Offer incentive to move to a longer-term contract; Promote automatic payment enrollment; Offer discounted or trial tech support,16,Month-to-month,Fiber optic,Electronic check,69.65,1043.3
1622-HSHSF,0,0,0.4179887853900998,Medium Risk,5607,High Value,2343.6631196822896,High,Month-to-month contract; Short tenure,Offer incentive to move to a longer-term contract; Trigger new-customer onboarding outreach,1,Month-to-month,No,Mailed check,19.55,19.55
2971-SGAFL,0,0,0.4124343198357544,Medium Risk,5631,High Value,2322.417654995133,High,Month-to-month contract; Electronic check; No tech support,Offer incentive to move to a longer-term contract; Promote automatic payment enrollment; Offer discounted or trial tech support,13,Month-to-month,DSL,Electronic check,78.75,995.35
2101-RANCD,0,0,0.3973682352933138,Medium Risk,5832,High Value,2317.451548230606,High,Month-to-month contract; Electronic check; Fiber optic service; No tech support,Offer incentive to move to a longer-term contract; Promote automatic payment enrollment; Offer discounted or trial tech support,55,Month-to-month,Fiber optic,Electronic check,73.1,4144.9
4570-QHXHL,0,0,0.4089264760194047,Medium Risk,5644,High Value,2307.98103065352,High,Month-to-month contract; Electronic check; No tech support; No online security,Offer incentive to move to a longer-term contract; Promote automatic payment enrollment; Offer discounted or trial tech support,9,Month-to-month,DSL,Electronic check,43.75,405.7
1035-IPQPU,0,0,0.443119323481495,Medium Risk,5187,High Value,2298.459930898515,High,Month-to-month contract; Electronic check; Fiber optic service; No tech support,Offer incentive to move to a longer-term contract; Promote automatic payment enrollment; Offer discounted or trial tech support,63,Month-to-month,Fiber optic,Electronic check,103.5,6479.4
0599-XNYDO,0,0,0.4208492153608986,Medium Risk,5456,High Value,2296.1533190090627,High,Month-to-month contract; Fiber optic service; No tech support; No online security,Offer incentive to move to a longer-term contract; Offer discounted or trial tech support; Bundle online security with retention offer,20,Month-to-month,Fiber optic,Bank transfer (automatic),69.8,1540.35
3679-XASPY,0,0,0.4072007474889197,Medium Risk,5612,High Value,2285.2105949078173,High,Month-to-month contract; Short tenure; Electronic check,Offer incentive to move to a longer-term contract; Promote automatic payment enrollment; Trigger new-customer onboarding outreach,1,Month-to-month,No,Electronic check,19.45,19.45
7893-IXHRQ,1,0,0.4039866767351703,Medium Risk,5636,High Value,2276.86891007942,High,Month-to-month contract; Short tenure; Electronic check,Offer incentive to move to a longer-term contract; Promote automatic payment enrollment; Trigger new-customer onboarding outreach,1,Month-to-month,No,Electronic check,20.55,20.55
9286-DOJGF,1,0,0.4395867714543585,Medium Risk,5165,High Value,2270.4656745617617,High,Month-to-month contract; Fiber optic service; No tech support; No online security,Offer incentive to move to a longer-term contract; Offer discounted or trial tech support; Bundle online security with retention offer,38,Month-to-month,Fiber optic,Bank transfer (automatic),74.95,2869.85
7579-OOPEC,1,0,0.407018196137096,Medium Risk,5461,High Value,2222.7263691046815,High,Month-to-month contract; Short tenure; No tech support; No online security,Offer incentive to move to a longer-term contract; Offer discounted or trial tech support; Bundle online security with retention offer,2,Month-to-month,DSL,Credit card (automatic),50.15,115.1
5301-GAUUY,1,0,0.3719850754310659,Medium Risk,5974,High Value,2222.2388406251875,High,Month-to-month contract; Fiber optic service; No tech support; No online security,Offer incentive to move to a longer-term contract; Offer discounted or trial tech support; Bundle online security with retention offer,32,Month-to-month,Fiber optic,Bank transfer (automatic),80.35,2596.15
3207-OYBWH,1,0,0.3542963784409504,Medium Risk,6259,High Value,2217.5410326619085,High,Month-to-month contract; Fiber optic service; No tech support; No online security,Offer incentive to move to a longer-term contract; Offer discounted or trial tech support; Bundle online security with retention offer,57,Month-to-month,Fiber optic,Bank transfer (automatic),95.25,5427.05
0778-NELLA,1,0,0.4128904461102433,Medium Risk,5352,High Value,2209.789667582022,High,Month-to-month contract; No tech support; No online security,Offer incentive to move to a longer-term contract; Offer discounted or trial tech support; Bundle online security with retention offer,9,Month-to-month,DSL,Credit card (automatic),34.7,296.1
0581-MDMPW,0,0,0.397382751719643,Medium Risk,5557,High Value,2208.255951306056,High,Month-to-month contract; Fiber optic service; No tech support; No online security,Offer incentive to move to a longer-term contract; Offer discounted or trial tech support; Bundle online security with retention offer,24,Month-to-month,Fiber optic,Credit card (automatic),88.95,2072.75
1965-DDBWU,1,0,0.3703932529423089,Medium Risk,5953,High Value,2204.951034765565,High,Month-to-month contract; Fiber optic service; No online security,Offer incentive to move to a longer-term contract; Bundle online security with retention offer,16,Month-to-month,Fiber optic,Credit card (automatic),89.05,1448.6
8058-DMYRU,0,0,0.4191427172354149,Medium Risk,5232,High Value,2192.954696575691,High,Month-to-month contract; Electronic check; Fiber optic service; No tech support,Offer incentive to move to a longer-term contract; Promote automatic payment enrollment; Offer discounted or trial tech support,54,Month-to-month,Fiber optic,Electronic check,90.05,4931.8
6815-ABQFQ,0,0,0.3741470933024419,Medium Risk,5800,High Value,2170.053141154163,High,Electronic check; Fiber optic service; No online security; High monthly charges,Promote automatic payment enrollment; Bundle online security with retention offer; Review plan pricing or offer loyalty discount,56,One year,Fiber optic,Electronic check,107.25,6033.3
4840-ORQXB,0,0,0.4034133953409314,Medium Risk,5128,High Value,2068.703891308296,High,Month-to-month contract; Electronic check; Fiber optic service; No tech support,Offer incentive to move to a longer-term contract; Promote automatic payment enrollment; Offer discounted or trial tech support,56,Month-to-month,Fiber optic,Electronic check,104.75,5841.35
3540-RZJYU,1,0,0.3523350335887185,Medium Risk,5829,High Value,2053.76091078864,High,Month-to-month contract; Electronic check; Fiber optic service; No tech support,Offer incentive to move to a longer-term contract; Promote automatic payment enrollment; Offer discounted or trial tech support,15,Month-to-month,Fiber optic,Electronic check,86.2,1270.2
6733-LRIZX,0,0,0.3476790023553627,Medium Risk,5903,High Value,2052.3491509037062,High,Electronic check; Fiber optic service; High monthly charges,Promote automatic payment enrollment; Review plan pricing or offer loyalty discount,35,Two year,Fiber optic,Electronic check,108.95,4025.5
0823-HSCDJ,1,0,0.3643403330571464,Medium Risk,5597,High Value,2039.2128441208486,High,Month-to-month contract; Electronic check; No tech support; No online security,Offer incentive to move to a longer-term contract; Promote automatic payment enrollment; Offer discounted or trial tech support,52,Month-to-month,DSL,Electronic check,49.15,2550.9
2293-IJWPS,0,0,0.3207307736508212,Medium Risk,6354,High Value,2037.9233357773178,High,Fiber optic service; No tech support; No online security; High monthly charges,Offer discounted or trial tech support; Bundle online security with retention offer; Review plan pricing or offer loyalty discount,57,One year,Fiber optic,Credit card (automatic),100.75,5985.0
8696-JKZNU,1,0,0.3462920355777119,Medium Risk,5859,High Value,2028.925036449814,High,Month-to-month contract; Electronic check; Fiber optic service; No tech support,Offer incentive to move to a longer-term contract; Promote automatic payment enrollment; Offer discounted or trial tech support,37,Month-to-month,Fiber optic,Electronic check,76.25,2841.55
3976-NLDEZ,0,0,0.3761205852009904,Medium Risk,5370,High Value,2019.7675425293185,High,Month-to-month contract; Short tenure,Offer incentive to move to a longer-term contract; Trigger new-customer onboarding outreach,1,Month-to-month,No,Mailed check,20.6,20.6
1357-BIJKI,0,0,0.3890216313223449,Medium Risk,5154,High Value,2005.0174878353657,High,Electronic check; Fiber optic service; No tech support; No online security,Promote automatic payment enrollment; Offer discounted or trial tech support; Bundle online security with retention offer,50,One year,Fiber optic,Electronic check,98.25,4858.7
9112-WSNPU,0,0,0.3411559748629816,Medium Risk,5873,High Value,2003.609040370291,High,Month-to-month contract; Electronic check; Fiber optic service; No tech support,Offer incentive to move to a longer-term contract; Promote automatic payment enrollment; Offer discounted or trial tech support,35,Month-to-month,Fiber optic,Electronic check,70.55,2419.0
2452-KDRRH,0,0,0.374426834147961,Medium Risk,5269,High Value,1972.8549891256066,High,Month-to-month contract; Fiber optic service; No tech support; No online security,Offer incentive to move to a longer-term contract; Offer discounted or trial tech support; Bundle online security with retention offer,67,Month-to-month,Fiber optic,Credit card (automatic),101.4,6841.05
2190-BCXEC,0,0,0.3712473488146671,Medium Risk,5257,High Value,1951.6473127187048,High,Month-to-month contract; Fiber optic service; No online security,Offer incentive to move to a longer-term contract; Bundle online security with retention offer,40,Month-to-month,Fiber optic,Credit card (automatic),78.85,3126.85
4993-JCRGJ,0,0,0.3566347844529297,Medium Risk,5471,High Value,1951.1489057419783,High,Month-to-month contract; Fiber optic service; No online security,Offer incentive to move to a longer-term contract; Bundle online security with retention offer,26,Month-to-month,Fiber optic,Mailed check,84.3,2281.6
9710-ZUSHQ,1,0,0.3298676327590446,Medium Risk,5849,High Value,1929.395784007652,High,Month-to-month contract; Fiber optic service; No tech support; High monthly charges,Offer incentive to move to a longer-term contract; Offer discounted or trial tech support; Review plan pricing or offer loyalty discount,37,Month-to-month,Fiber optic,Bank transfer (automatic),106.75,4056.75
1493-AMTIE,1,0,0.345999521287446,Medium Risk,5394,High Value,1866.3214178244837,High,Month-to-month contract; Short tenure,Offer incentive to move to a longer-term contract; Trigger new-customer onboarding outreach,1,Month-to-month,No,Bank transfer (automatic),20.2,20.2
2307-FYNNL,0,0,0.3276369445162896,Medium Risk,5692,High Value,1864.9094881867204,High,Electronic check; Fiber optic service; High monthly charges,Promote automatic payment enrollment; Review plan pricing or offer loyalty discount,65,Two year,Fiber optic,Electronic check,109.05,7108.2
3466-RITXD,0,0,0.3342814939302647,Medium Risk,5461,High Value,1825.5112383531755,High,Month-to-month contract; Fiber optic service; No tech support; High monthly charges,Offer incentive to move to a longer-term contract; Offer discounted or trial tech support; Review plan pricing or offer loyalty discount,26,Month-to-month,Fiber optic,Credit card (automatic),92.4,2349.8
6227-HWPWX,1,0,0.319055346080548,Medium Risk,5671,High Value,1809.3628676227875,High,Month-to-month contract; Fiber optic service; No tech support; No online security,Offer incentive to move to a longer-term contract; Offer discounted or trial tech support; Bundle online security with retention offer,15,Month-to-month,Fiber optic,Bank transfer (automatic),69.0,994.8
9254-RBFON,1,0,0.3493069211321045,Medium Risk,5160,High Value,1802.423713041659,High,Fiber optic service; No online security; High monthly charges,Bundle online security with retention offer; Review plan pricing or offer loyalty discount,17,One year,Fiber optic,Bank transfer (automatic),98.6,1704.95
9079-YEXQJ,1,0,0.3169295984239593,Medium Risk,5527,High Value,1751.669890489223,High,Month-to-month contract; Electronic check; Fiber optic service; No online security,Offer incentive to move to a longer-term contract; Promote automatic payment enrollment; Bundle online security with retention offer,54,Month-to-month,Fiber optic,Electronic check,111.1,6014.85
4892-VLANZ,1,0,0.3123466022831245,Medium Risk,5600,High Value,1749.140972785497,High,Month-to-month contract; Short tenure,Offer incentive to move to a longer-term contract; Trigger new-customer onboarding outreach,1,Month-to-month,No,Mailed check,19.8,19.8
7277-OZCGZ,0,0,0.315574439498851,Medium Risk,5479,High Value,1729.0323540142047,High,Month-to-month contract; Electronic check; Fiber optic service,Offer incentive to move to a longer-term contract; Promote automatic payment enrollment,22,Month-to-month,Fiber optic,Electronic check,89.05,1886.25
0015-UOCOJ,0,0,0.3092576330349932,Medium Risk,5525,High Value,1708.6484225183374,High,Month-to-month contract; Electronic check; No tech support,Offer incentive to move to a longer-term contract; Promote automatic payment enrollment; Offer discounted or trial tech support,7,Month-to-month,DSL,Electronic check,48.2,340.35
7495-OOKFY,1,0,0.3130985810680152,Medium Risk,5302,High Value,1660.0486768226165,High,Month-to-month contract; Fiber optic service; No tech support; No online security,Offer incentive to move to a longer-term contract; Offer discounted or trial tech support; Bundle online security with retention offer,8,Month-to-month,Fiber optic,Credit card (automatic),80.65,633.3
9248-OJYKK,1,1,0.9223730283859476,High Risk,3763,Low Value,3470.8897058163207,Medium,Month-to-month contract; Short tenure; Electronic check; Fiber optic service,Offer incentive to move to a longer-term contract; Promote automatic payment enrollment; Offer discounted or trial tech support,1,Month-to-month,Fiber optic,Electronic check,76.45,76.45
0235-KGSLC,1,1,0.8661799751696049,High Risk,3967,Low Value,3436.1359614978223,Medium,Month-to-month contract; Short tenure; Fiber optic service; No tech support,Offer incentive to move to a longer-term contract; Offer discounted or trial tech support; Bundle online security with retention offer,1,Month-to-month,Fiber optic,Credit card (automatic),85.55,85.55
5052-PNLOS,1,1,0.8585247138530617,High Risk,3662,Low Value,3143.917502129912,Medium,Month-to-month contract; Short tenure; Fiber optic service; No tech support,Offer incentive to move to a longer-term contract; Offer discounted or trial tech support; Bundle online security with retention offer,3,Month-to-month,Fiber optic,Bank transfer (automatic),105.35,323.25
9507-EXLTT,1,1,0.8936522763805598,High Risk,3492,Low Value,3120.6337491209147,Medium,Month-to-month contract; Short tenure; Fiber optic service; No tech support,Offer incentive to move to a longer-term contract; Offer discounted or trial tech support; Bundle online security with retention offer,1,Month-to-month,Fiber optic,Bank transfer (automatic),79.35,79.35
6857-VWJDT,1,1,0.8908515107012633,High Risk,3473,Low Value,3093.9272966654876,Medium,Month-to-month contract; Short tenure; Fiber optic service; No tech support,Offer incentive to move to a longer-term contract; Offer discounted or trial tech support; Bundle online security with retention offer,1,Month-to-month,Fiber optic,Mailed check,95.65,95.65
3677-IYRBF,1,1,0.7729991294267913,High Risk,4002,Low Value,3093.5425159660185,Medium,Month-to-month contract; Short tenure; Electronic check; No tech support,Offer incentive to move to a longer-term contract; Promote automatic payment enrollment; Offer discounted or trial tech support,2,Month-to-month,DSL,Electronic check,30.4,78.65
0841-NULXI,1,1,0.7604811162939373,High Risk,3958,Low Value,3009.984258291404,Medium,Month-to-month contract; Short tenure; Electronic check; No tech support,Offer incentive to move to a longer-term contract; Promote automatic payment enrollment; Offer discounted or trial tech support,1,Month-to-month,DSL,Electronic check,35.55,35.55
4445-ZJNMU,0,1,0.8492238657079166,High Risk,3540,Low Value,3006.252484606025,Medium,Month-to-month contract; Fiber optic service; No tech support; No online security,Offer incentive to move to a longer-term contract; Offer discounted or trial tech support; Bundle online security with retention offer,9,Month-to-month,Fiber optic,Credit card (automatic),99.3,918.75
4647-MUZON,0,1,0.5894702928425484,Medium Risk,5009,Medium Value,2952.656696848325,Medium,Month-to-month contract; Fiber optic service; No tech support; No online security,Offer incentive to move to a longer-term contract; Offer discounted or trial tech support; Bundle online security with retention offer,18,Month-to-month,Fiber optic,Credit card (automatic),95.95,1745.5
5167-ZFFMM,1,1,0.8591591601162107,High Risk,3424,Low Value,2941.7609642379057,Medium,Month-to-month contract; Short tenure; Fiber optic service; No tech support,Offer incentive to move to a longer-term contract; Offer discounted or trial tech support; Bundle online security with retention offer,1,Month-to-month,Fiber optic,Credit card (automatic),90.85,90.85
8375-DKEBR,1,1,0.8369029116615636,High Risk,3438,Low Value,2877.272210292456,Medium,Month-to-month contract; Short tenure; Electronic check; Fiber optic service,Offer incentive to move to a longer-term contract; Promote automatic payment enrollment; Offer discounted or trial tech support,1,Month-to-month,Fiber optic,Electronic check,69.6,69.6
0432-CAJZV,0,1,0.7224638946049877,High Risk,3953,Low Value,2855.8997753735166,Medium,Month-to-month contract; Short tenure; Fiber optic service; No tech support,Offer incentive to move to a longer-term contract; Offer discounted or trial tech support; Bundle online security with retention offer,3,Month-to-month,Fiber optic,Mailed check,90.7,237.65
9057-SIHCH,1,1,0.8660278526042269,High Risk,3260,Low Value,2823.2507994897796,Medium,Month-to-month contract; Short tenure; Electronic check; Fiber optic service,Offer incentive to move to a longer-term contract; Promote automatic payment enrollment; Offer discounted or trial tech support,3,Month-to-month,Fiber optic,Electronic check,96.6,291.9
0923-PNFUB,1,1,0.5803578664228629,Medium Risk,4852,Medium Value,2815.896367883731,Medium,Month-to-month contract; Short tenure; Electronic check; Fiber optic service,Offer incentive to move to a longer-term contract; Promote automatic payment enrollment; Offer discounted or trial tech support,3,Month-to-month,Fiber optic,Electronic check,83.75,247.25
5542-TBBWB,0,1,0.8347031303172943,High Risk,3358,Low Value,2802.933111605474,Medium,Month-to-month contract; Short tenure; Electronic check; Fiber optic service,Offer incentive to move to a longer-term contract; Promote automatic payment enrollment; Offer discounted or trial tech support,1,Month-to-month,Fiber optic,Electronic check,69.9,69.9
9804-ICWBG,1,1,0.8347031303172943,High Risk,3349,Low Value,2795.4207834326185,Medium,Month-to-month contract; Short tenure; Electronic check; Fiber optic service,Offer incentive to move to a longer-term contract; Promote automatic payment enrollment; Offer discounted or trial tech support,1,Month-to-month,Fiber optic,Electronic check,69.9,69.9
7663-RGWBC,1,1,0.5842118980128098,Medium Risk,4773,Medium Value,2788.4433892151415,Medium,Month-to-month contract; Short tenure; No tech support; No online security,Offer incentive to move to a longer-term contract; Offer discounted or trial tech support; Bundle online security with retention offer,1,Month-to-month,DSL,Mailed check,44.15,44.15
9907-SWKKF,1,1,0.5756653109642205,Medium Risk,4842,Medium Value,2787.3714356887554,Medium,Month-to-month contract; Short tenure; No tech support; No online security,Offer incentive to move to a longer-term contract; Offer discounted or trial tech support; Bundle online security with retention offer,1,Month-to-month,DSL,Mailed check,25.05,25.05
7218-HKQFK,1,1,0.7473564147666184,High Risk,3715,Low Value,2776.429080857987,Medium,Month-to-month contract; Short tenure; Electronic check; Fiber optic service,Offer incentive to move to a longer-term contract; Promote automatic payment enrollment; Bundle online security with retention offer,2,Month-to-month,Fiber optic,Electronic check,94.2,167.5
4090-KPJIP,0,1,0.7593099954016574,High Risk,3641,Low Value,2764.6476932574346,Medium,Month-to-month contract; Short tenure; Electronic check; Fiber optic service,Offer incentive to move to a longer-term contract; Promote automatic payment enrollment; Offer discounted or trial tech support,3,Month-to-month,Fiber optic,Electronic check,74.95,212.4
2077-MPJQO,0,1,0.7797638865991708,High Risk,3533,Low Value,2754.9058113548704,Medium,Month-to-month contract; Electronic check; Fiber optic service; No tech support,Offer incentive to move to a longer-term contract; Promote automatic payment enrollment; Offer discounted or trial tech support,7,Month-to-month,Fiber optic,Electronic check,75.4,533.05
9611-CTWIH,1,1,0.7644563718646941,High Risk,3591,Low Value,2745.1628313661163,Medium,Month-to-month contract; Short tenure; Electronic check; Fiber optic service,Offer incentive to move to a longer-term contract; Promote automatic payment enrollment; Offer discounted or trial tech support,3,Month-to-month,Fiber optic,Electronic check,89.45,240.45
1069-XAIEM,1,1,0.9225864888425032,High Risk,2975,Low Value,2744.6948043064467,Medium,Month-to-month contract; Short tenure; Electronic check; Fiber optic service,Offer incentive to move to a longer-term contract; Promote automatic payment enrollment; Offer discounted or trial tech support,1,Month-to-month,Fiber optic,Electronic check,85.05,85.05
8709-KRDVL,0,1,0.5825586611383026,Medium Risk,4643,Medium Value,2704.8198636651387,Medium,Month-to-month contract; Electronic check; Fiber optic service; No tech support,Offer incentive to move to a longer-term contract; Promote automatic payment enrollment; Offer discounted or trial tech support,33,Month-to-month,Fiber optic,Electronic check,100.0,3320.6
8083-YTZES,1,1,0.7466956177259333,High Risk,3622,Low Value,2704.5315274033305,Medium,Month-to-month contract; Short tenure; Electronic check; Fiber optic service,Offer incentive to move to a longer-term contract; Promote automatic payment enrollment; Offer discounted or trial tech support,4,Month-to-month,Fiber optic,Electronic check,74.35,265.35
2202-CUYXZ,1,1,0.8735949236881128,High Risk,3086,Low Value,2695.913934501516,Medium,Month-to-month contract; Short tenure; Electronic check; Fiber optic service,Offer incentive to move to a longer-term contract; Promote automatic payment enrollment; Offer discounted or trial tech support,1,Month-to-month,Fiber optic,Electronic check,84.85,84.85
4706-DGAHW,0,1,0.5885473562538663,Medium Risk,4576,Medium Value,2693.1927022176924,Medium,Month-to-month contract; Short tenure; Electronic check; No tech support,Offer incentive to move to a longer-term contract; Promote automatic payment enrollment; Offer discounted or trial tech support,1,Month-to-month,DSL,Electronic check,45.2,45.2
1522-VVDMG,1,1,0.6999830906579348,High Risk,3807,Low Value,2664.835626134758,Medium,Month-to-month contract; Electronic check; Fiber optic service; No online security,Offer incentive to move to a longer-term contract; Promote automatic payment enrollment; Bundle online security with retention offer,7,Month-to-month,Fiber optic,Electronic check,89.75,608.8
8821-XNHVZ,1,1,0.9012147796182762,High Risk,2943,Low Value,2652.275096416587,Medium,Month-to-month contract; Short tenure; Fiber optic service; No tech support,Offer incentive to move to a longer-term contract; Offer discounted or trial tech support; Bundle online security with retention offer,1,Month-to-month,Fiber optic,Mailed check,80.05,80.05
8080-DDEMJ,1,1,0.5885473562538663,Medium Risk,4499,Medium Value,2647.874555786145,Medium,Month-to-month contract; Short tenure; Electronic check; No tech support,Offer incentive to move to a longer-term contract; Promote automatic payment enrollment; Offer discounted or trial tech support,1,Month-to-month,DSL,Electronic check,45.1,45.1
0876-WDUUZ,1,1,0.7088423220146128,High Risk,3716,Low Value,2634.0580686063013,Medium,Month-to-month contract; Short tenure; Fiber optic service; No online security,Offer incentive to move to a longer-term contract; Bundle online security with retention offer; Trigger new-customer onboarding outreach,5,Month-to-month,Fiber optic,Credit card (automatic),85.4,425.9
7587-RZNME,1,1,0.5367071968192514,Medium Risk,4849,Medium Value,2602.49319737655,Medium,Month-to-month contract; Short tenure; Electronic check; No tech support,Offer incentive to move to a longer-term contract; Promote automatic payment enrollment; Offer discounted or trial tech support,3,Month-to-month,DSL,Electronic check,43.3,123.65
0531-ZZJWQ,0,1,0.5248355036913868,Medium Risk,4958,Medium Value,2602.1344273018954,Medium,Month-to-month contract; Electronic check; Fiber optic service; No tech support,Offer incentive to move to a longer-term contract; Promote automatic payment enrollment; Offer discounted or trial tech support,55,Month-to-month,Fiber optic,Electronic check,74.0,4052.4
1240-KNSEZ,1,1,0.5248085533416893,Medium Risk,4933,Medium Value,2588.8805936345534,Medium,Month-to-month contract; Short tenure,Offer incentive to move to a longer-term contract; Trigger new-customer onboarding outreach,1,Month-to-month,No,Mailed check,20.1,20.1
9878-TNQGW,1,1,0.7255052000662054,High Risk,3533,Low Value,2563.209871833904,Medium,Month-to-month contract; Short tenure; Electronic check; Fiber optic service,Offer incentive to move to a longer-term contract; Promote automatic payment enrollment; Offer discounted or trial tech support,2,Month-to-month,Fiber optic,Electronic check,80.95,171.15
5186-SAMNZ,1,1,0.7812123819294444,High Risk,3273,Low Value,2556.9081260550715,Medium,Month-to-month contract; Short tenure; Fiber optic service; No tech support,Offer incentive to move to a longer-term contract; Offer discounted or trial tech support; Bundle online security with retention offer,1,Month-to-month,Fiber optic,Bank transfer (automatic),69.5,69.5
8258-GSTJK,1,1,0.8159288850193299,High Risk,3128,Low Value,2552.2255523404638,Medium,Month-to-month contract; Short tenure; Electronic check; Fiber optic service,Offer incentive to move to a longer-term contract; Promote automatic payment enrollment; Offer discounted or trial tech support,3,Month-to-month,Fiber optic,Electronic check,77.0,237.75
2025-JKFWI,1,1,0.7298807597166975,High Risk,3493,Low Value,2549.4734936904247,Medium,Month-to-month contract; Fiber optic service; No online security; High monthly charges,Offer incentive to move to a longer-term contract; Bundle online security with retention offer; Review plan pricing or offer loyalty discount,13,Month-to-month,Fiber optic,Mailed check,99.0,1301.7
8443-ZRDBZ,1,1,0.6914902303579997,High Risk,3685,Low Value,2548.141498869229,Medium,Month-to-month contract; Short tenure; Electronic check; Fiber optic service,Offer incentive to move to a longer-term contract; Promote automatic payment enrollment; Offer discounted or trial tech support,4,Month-to-month,Fiber optic,Electronic check,76.05,318.9
8775-ERLNB,0,1,0.8578408565975398,High Risk,2968,Low Value,2546.0716623814983,Medium,Month-to-month contract; Short tenure; Electronic check; Fiber optic service,Offer incentive to move to a longer-term contract; Promote automatic payment enrollment; Offer discounted or trial tech support,1,Month-to-month,Fiber optic,Electronic check,74.3,74.3
8938-UMKPI,1,1,0.5291925368896958,Medium Risk,4804,Medium Value,2542.240947218099,Medium,Month-to-month contract; Electronic check; Fiber optic service; No tech support,Offer incentive to move to a longer-term contract; Promote automatic payment enrollment; Offer discounted or trial tech support,47,Month-to-month,Fiber optic,Electronic check,106.4,5127.95
4029-HPFVY,0,1,0.5944887583886488,Medium Risk,4275,Medium Value,2541.4394421114735,Medium,Month-to-month contract; Short tenure; Fiber optic service; No tech support,Offer incentive to move to a longer-term contract; Offer discounted or trial tech support; Bundle online security with retention offer,3,Month-to-month,Fiber optic,Mailed check,70.3,220.4
1820-TQVEV,1,1,0.8347031303172943,High Risk,3042,Low Value,2539.166922425209,Medium,Month-to-month contract; Short tenure; Electronic check; Fiber optic service,Offer incentive to move to a longer-term contract; Promote automatic payment enrollment; Offer discounted or trial tech support,1,Month-to-month,Fiber optic,Electronic check,69.55,69.55
0685-MLYYM,1,1,0.5757408050674316,Medium Risk,4407,Medium Value,2537.2897279321714,Medium,Month-to-month contract; Short tenure; Electronic check; Fiber optic service,Offer incentive to move to a longer-term contract; Promote automatic payment enrollment; Offer discounted or trial tech support,2,Month-to-month,Fiber optic,Electronic check,70.75,154.85
2919-HBCJO,1,1,0.5515797123951485,Medium Risk,4580,Medium Value,2526.23508276978,Medium,Month-to-month contract; Short tenure; Fiber optic service; No tech support,Offer incentive to move to a longer-term contract; Offer discounted or trial tech support; Bundle online security with retention offer,4,Month-to-month,Fiber optic,Bank transfer (automatic),76.65,333.6
3320-VEOYC,0,1,0.7205870295553428,High Risk,3502,Low Value,2523.4957775028106,Medium,Month-to-month contract; Electronic check; Fiber optic service; No tech support,Offer incentive to move to a longer-term contract; Promote automatic payment enrollment; Offer discounted or trial tech support,14,Month-to-month,Fiber optic,Electronic check,95.6,1273.3
1980-KXVPM,1,1,0.7097393249670937,High Risk,3553,Low Value,2521.7038216080837,Medium,Month-to-month contract; Short tenure; Fiber optic service; No tech support,Offer incentive to move to a longer-term contract; Offer discounted or trial tech support; Bundle online security with retention offer,3,Month-to-month,Fiber optic,Credit card (automatic),75.05,256.25
7881-EVUAD,1,1,0.5413489008900091,Medium Risk,4648,Medium Value,2516.1896913367623,Medium,Month-to-month contract; Short tenure; Electronic check; No tech support,Offer incentive to move to a longer-term contract; Promote automatic payment enrollment; Offer discounted or trial tech support,2,Month-to-month,DSL,Electronic check,42.6,72.4
2609-IAICY,1,1,0.911751789280227,High Risk,2756,Low Value,2512.787931256306,Medium,Month-to-month contract; Short tenure; Electronic check; Fiber optic service,Offer incentive to move to a longer-term contract; Promote automatic payment enrollment; Offer discounted or trial tech support,1,Month-to-month,Fiber optic,Electronic check,77.15,77.15
7054-LGEQW,1,1,0.5112847908584971,Medium Risk,4888,Medium Value,2499.160057716334,Medium,Month-to-month contract; Short tenure; No tech support; No online security,Offer incentive to move to a longer-term contract; Offer discounted or trial tech support; Bundle online security with retention offer,1,Month-to-month,DSL,Mailed check,45.95,45.95
6000-APYLU,1,1,0.6407832888523586,High Risk,3890,Low Value,2492.646993635675,Medium,Month-to-month contract; Electronic check; Fiber optic service; No tech support,Offer incentive to move to a longer-term contract; Promote automatic payment enrollment; Offer discounted or trial tech support,9,Month-to-month,Fiber optic,Electronic check,80.8,713.1
0958-YHXGP,0,1,0.5412186147669948,Medium Risk,4562,Medium Value,2469.0393205670307,Medium,Month-to-month contract; Fiber optic service; No tech support; No online security,Offer incentive to move to a longer-term contract; Offer discounted or trial tech support; Bundle online security with retention offer,7,Month-to-month,Fiber optic,Mailed check,69.9,497.3
4818-QIUFN,1,0,0.4938190936366732,Medium Risk,4997,Medium Value,2467.614010902456,Medium,Month-to-month contract; Electronic check; Fiber optic service; No tech support,Offer incentive to move to a longer-term contract; Promote automatic payment enrollment; Offer discounted or trial tech support,20,Month-to-month,Fiber optic,Electronic check,79.15,1520.9
1658-TJVOA,0,1,0.5222855139919882,Medium Risk,4716,Medium Value,2463.0984839862163,Medium,Month-to-month contract; Short tenure; Electronic check; Fiber optic service,Offer incentive to move to a longer-term contract; Promote automatic payment enrollment; Offer discounted or trial tech support,6,Month-to-month,Fiber optic,Electronic check,74.1,450.9
3908-BLSYF,1,1,0.6211538816590103,High Risk,3962,Low Value,2461.011679132999,Medium,Month-to-month contract; Short tenure; Electronic check; Fiber optic service,Offer incentive to move to a longer-term contract; Promote automatic payment enrollment; Offer discounted or trial tech support,6,Month-to-month,Fiber optic,Electronic check,83.9,497.55
5382-SOYZL,0,1,0.658371475630979,High Risk,3729,Low Value,2455.0672326279205,Medium,Month-to-month contract; Electronic check; Fiber optic service; No tech support,Offer incentive to move to a longer-term contract; Promote automatic payment enrollment; Offer discounted or trial tech support,22,Month-to-month,Fiber optic,Electronic check,95.1,2162.6
6969-MVBAI,0,1,0.8396588697757952,High Risk,2893,Low Value,2429.1331102613754,Medium,Month-to-month contract; Electronic check; Fiber optic service; No tech support,Offer incentive to move to a longer-term contract; Promote automatic payment enrollment; Offer discounted or trial tech support,9,Month-to-month,Fiber optic,Electronic check,90.1,816.8
2254-DLXRI,0,1,0.8831754815665048,High Risk,2742,Low Value,2421.6671704553564,Medium,Month-to-month contract; Short tenure; Fiber optic service; No tech support,Offer incentive to move to a longer-term contract; Offer discounted or trial tech support; Bundle online security with retention offer,1,Month-to-month,Fiber optic,Mailed check,79.15,79.15
1400-MMYXY,1,1,0.891325373122716,High Risk,2715,Low Value,2419.9483880281737,Medium,Month-to-month contract; Short tenure; Electronic check; Fiber optic service,Offer incentive to move to a longer-term contract; Promote automatic payment enrollment; Offer discounted or trial tech support,3,Month-to-month,Fiber optic,Electronic check,105.9,334.65
7278-CKDNC,0,1,0.5465517284879209,Medium Risk,4422,Medium Value,2416.851743373586,Medium,Month-to-month contract; Electronic check; Fiber optic service; No tech support,Offer incentive to move to a longer-term contract; Promote automatic payment enrollment; Offer discounted or trial tech support,24,Month-to-month,Fiber optic,Electronic check,80.5,2088.45
9283-LZQOH,1,1,0.6485212278497791,High Risk,3687,Low Value,2391.0977670821353,Medium,Month-to-month contract; Fiber optic service; No tech support; No online security,Offer incentive to move to a longer-term contract; Offer discounted or trial tech support; Bundle online security with retention offer,13,Month-to-month,Fiber optic,Credit card (automatic),74.4,896.75
6845-RGTYS,1,1,0.5147489441531667,Medium Risk,4622,Medium Value,2379.169619875937,Medium,Month-to-month contract; Electronic check; Fiber optic service; No tech support,Offer incentive to move to a longer-term contract; Promote automatic payment enrollment; Offer discounted or trial tech support,47,Month-to-month,Fiber optic,Electronic check,98.75,4533.7
0524-IAVZO,1,1,0.6395881295397408,High Risk,3698,Low Value,2365.1969030379614,Medium,Month-to-month contract; Electronic check; Fiber optic service; No tech support,Offer incentive to move to a longer-term contract; Promote automatic payment enrollment; Offer discounted or trial tech support,30,Month-to-month,Fiber optic,Electronic check,85.0,2624.25
9752-ZNQUT,0,1,0.6344131909921299,High Risk,3704,Low Value,2349.8664594348493,Medium,Month-to-month contract; Short tenure; Electronic check; No tech support,Offer incentive to move to a longer-term contract; Promote automatic payment enrollment; Offer discounted or trial tech support,1,Month-to-month,DSL,Electronic check,48.6,48.6
6230-BSUXY,1,1,0.886326507455712,High Risk,2650,Low Value,2348.7652447576365,Medium,Month-to-month contract; Short tenure; Electronic check; Fiber optic service,Offer incentive to move to a longer-term contract; Promote automatic payment enrollment; Offer discounted or trial tech support,1,Month-to-month,Fiber optic,Electronic check,85.0,85.0
2369-FEVNO,0,1,0.5095696059917674,Medium Risk,4590,Medium Value,2338.9244915022123,Medium,Month-to-month contract; Short tenure,Offer incentive to move to a longer-term contract; Trigger new-customer onboarding outreach,1,Month-to-month,No,Mailed check,19.9,19.9
0963-ZBDRN,1,1,0.644481411997422,High Risk,3606,Low Value,2323.999971662704,Medium,Month-to-month contract; Electronic check; Fiber optic service; No online security,Offer incentive to move to a longer-term contract; Promote automatic payment enrollment; Bundle online security with retention offer,32,Month-to-month,Fiber optic,Electronic check,96.2,3183.4
8914-RBTSB,1,1,0.5627619616245984,Medium Risk,4115,Medium Value,2315.7654720852224,Medium,Month-to-month contract; Electronic check; Fiber optic service; No tech support,Offer incentive to move to a longer-term contract; Promote automatic payment enrollment; Offer discounted or trial tech support,31,Month-to-month,Fiber optic,Electronic check,93.8,3019.5
6861-XWTWQ,1,1,0.9299543731443428,High Risk,2487,Low Value,2312.7965260099804,Medium,Month-to-month contract; Electronic check; Fiber optic service; No tech support,Offer incentive to move to a longer-term contract; Promote automatic payment enrollment; Offer discounted or trial tech support,7,Month-to-month,Fiber optic,Electronic check,99.25,665.45
2604-IJPDU,0,1,0.5264370619655238,Medium Risk,4382,Medium Value,2306.8472055329253,Medium,Month-to-month contract; Electronic check; Fiber optic service; High monthly charges,Offer incentive to move to a longer-term contract; Promote automatic payment enrollment; Review plan pricing or offer loyalty discount,20,Month-to-month,Fiber optic,Electronic check,96.55,1901.65
3587-PMCOY,0,0,0.4958515062020663,Medium Risk,4614,Medium Value,2287.858849616334,Medium,Electronic check; Fiber optic service; No tech support; High monthly charges,Promote automatic payment enrollment; Offer discounted or trial tech support; Review plan pricing or offer loyalty discount,10,One year,Fiber optic,Electronic check,98.9,1064.95
4283-FUTGF,1,1,0.6148524225515044,High Risk,3715,Low Value,2284.1767497788387,Medium,Month-to-month contract; Electronic check; Fiber optic service; No tech support,Offer incentive to move to a longer-term contract; Promote automatic payment enrollment; Offer discounted or trial tech support,19,Month-to-month,Fiber optic,Electronic check,79.85,1471.75
2041-JIJCI,0,1,0.5147655849285083,Medium Risk,4421,Medium Value,2275.7786509689354,Medium,Month-to-month contract; Short tenure; Electronic check; No tech support,Offer incentive to move to a longer-term contract; Promote automatic payment enrollment; Offer discounted or trial tech support,5,Month-to-month,DSL,Electronic check,64.0,370.25
6158-HDPXZ,0,1,0.5412022351256898,Medium Risk,4193,Medium Value,2269.260971882017,Medium,Month-to-month contract; Short tenure; No tech support; No online security,Offer incentive to move to a longer-term contract; Offer discounted or trial tech support; Bundle online security with retention offer,1,Month-to-month,DSL,Mailed check,25.35,25.35
8132-YPVBX,0,1,0.6884478322375114,High Risk,3291,Low Value,2265.68181589365,Medium,Month-to-month contract; Short tenure; Fiber optic service; No tech support,Offer incentive to move to a longer-term contract; Offer discounted or trial tech support; Bundle online security with retention offer,6,Month-to-month,Fiber optic,Mailed check,85.95,514.6
0655-RBDUG,1,1,0.8837863520780304,High Risk,2561,Low Value,2263.3768476718355,Medium,Month-to-month contract; Fiber optic service; No tech support; No online security,Offer incentive to move to a longer-term contract; Offer discounted or trial tech support; Bundle online security with retention offer,7,Month-to-month,Fiber optic,Bank transfer (automatic),98.05,713.0
5331-RGMTT,0,1,0.5638560363974504,Medium Risk,4011,Medium Value,2261.6265619901737,Medium,Month-to-month contract; Fiber optic service; No tech support; No online security,Offer incentive to move to a longer-term contract; Offer discounted or trial tech support; Bundle online security with retention offer,54,Month-to-month,Fiber optic,Credit card (automatic),99.05,5295.7
6704-UTUKK,0,0,0.4451546678008585,Medium Risk,5074,Medium Value,2258.714784421556,Medium,Month-to-month contract; Electronic check; No tech support; No online security,Offer incentive to move to a longer-term contract; Promote automatic payment enrollment; Offer discounted or trial tech support,29,Month-to-month,DSL,Electronic check,45.9,1332.4
6317-YPKDH,1,0,0.4976847973230348,Medium Risk,4534,Medium Value,2256.5028710626398,Medium,Month-to-month contract; Short tenure; No tech support; No online security,Offer incentive to move to a longer-term contract; Offer discounted or trial tech support; Bundle online security with retention offer,1,Month-to-month,DSL,Bank transfer (automatic),29.95,29.95
1302-UHBDD,0,0,0.4676720884677898,Medium Risk,4812,Medium Value,2250.4380897070046,Medium,Month-to-month contract; Electronic check; Fiber optic service; No tech support,Offer incentive to move to a longer-term contract; Promote automatic payment enrollment; Offer discounted or trial tech support,20,Month-to-month,Fiber optic,Electronic check,89.95,1648.45
2277-DJJDL,0,0,0.4716378656748291,Medium Risk,4763,Medium Value,2246.411154209211,Medium,Month-to-month contract; Electronic check; Fiber optic service; No online security,Offer incentive to move to a longer-term contract; Promote automatic payment enrollment; Bundle online security with retention offer,60,Month-to-month,Fiber optic,Electronic check,99.0,6017.9
2867-UIMSS,1,1,0.8191050740196645,High Risk,2734,Low Value,2239.4332723697626,Medium,Month-to-month contract; Short tenure; Electronic check; Fiber optic service,Offer incentive to move to a longer-term contract; Promote automatic payment enrollment; Offer discounted or trial tech support,1,Month-to-month,Fiber optic,Electronic check,80.5,80.5
8818-DOPVL,0,1,0.5408454577722286,Medium Risk,4103,Medium Value,2219.088913239454,Medium,Month-to-month contract; Electronic check; Fiber optic service; No tech support,Offer incentive to move to a longer-term contract; Promote automatic payment enrollment; Offer discounted or trial tech support,46,Month-to-month,Fiber optic,Electronic check,104.45,4863.85
9278-VZKCD,0,1,0.5002292903197713,Medium Risk,4428,Medium Value,2215.015297535947,Medium,Month-to-month contract; Electronic check; Fiber optic service; No tech support,Offer incentive to move to a longer-term contract; Promote automatic payment enrollment; Offer discounted or trial tech support,52,Month-to-month,Fiber optic,Electronic check,109.1,5647.95
1536-HBSWP,0,0,0.4740987161416476,Medium Risk,4667,Medium Value,2212.6187082330694,Medium,Month-to-month contract; Short tenure; Electronic check; No online security,Offer incentive to move to a longer-term contract; Promote automatic payment enrollment; Bundle online security with retention offer,1,Month-to-month,DSL,Electronic check,49.9,49.9
7181-OQCUT,0,0,0.4893727823711729,Medium Risk,4520,Medium Value,2211.9649763177013,Medium,Month-to-month contract; Fiber optic service; No tech support; High monthly charges,Offer incentive to move to a longer-term contract; Offer discounted or trial tech support; Review plan pricing or offer loyalty discount,21,Month-to-month,Fiber optic,Mailed check,103.85,2215.0
5501-TVMGM,0,1,0.6774332320319743,High Risk,3255,Low Value,2205.045170264076,Medium,Month-to-month contract; Short tenure; Electronic check; No tech support,Offer incentive to move to a longer-term contract; Promote automatic payment enrollment; Offer discounted or trial tech support,1,Month-to-month,DSL,Electronic check,55.25,55.25
0506-LVNGN,1,1,0.5473789869537689,Medium Risk,4028,Medium Value,2204.8425594497808,Medium,Month-to-month contract; Short tenure; Fiber optic service; No tech support,Offer incentive to move to a longer-term contract; Offer discounted or trial tech support; Bundle online security with retention offer,5,Month-to-month,Fiber optic,Credit card (automatic),75.55,349.65
0581-BXBUB,0,0,0.4860668944865998,Medium Risk,4503,Medium Value,2188.759225873159,Medium,Month-to-month contract; Short tenure; Electronic check; Fiber optic service,Offer incentive to move to a longer-term contract; Promote automatic payment enrollment; Offer discounted or trial tech support,4,Month-to-month,Fiber optic,Electronic check,72.75,317.75
5480-HPRRX,1,1,0.6170435385636025,High Risk,3542,Low Value,2185.5682135922802,Medium,Month-to-month contract; Short tenure; Electronic check; No tech support,Offer incentive to move to a longer-term contract; Promote automatic payment enrollment; Offer discounted or trial tech support,3,Month-to-month,DSL,Electronic check,25.3,77.75
5339-PXDVH,0,1,0.6118305800216637,High Risk,3559,Low Value,2177.5050342971012,Medium,Month-to-month contract; Short tenure; Electronic check; Fiber optic service,Offer incentive to move to a longer-term contract; Promote automatic payment enrollment; Offer discounted or trial tech support,4,Month-to-month,Fiber optic,Electronic check,90.65,367.95
3891-PUQOD,1,0,0.4337246630314951,Medium Risk,5020,Medium Value,2177.2978084181054,Medium,Month-to-month contract; Short tenure; Electronic check; No tech support,Offer incentive to move to a longer-term contract; Promote automatic payment enrollment; Offer discounted or trial tech support,1,Month-to-month,DSL,Electronic check,59.2,59.2
0749-IRGQE,0,1,0.5276619527450686,Medium Risk,4118,Medium Value,2172.911921404192,Medium,Month-to-month contract; Electronic check; No tech support; No online security,Offer incentive to move to a longer-term contract; Promote automatic payment enrollment; Offer discounted or trial tech support,13,Month-to-month,DSL,Electronic check,45.3,528.45
8160-HOWOX,0,0,0.4448440636774243,Medium Risk,4858,Medium Value,2161.0524613449275,Medium,Month-to-month contract; Electronic check; No tech support; No online security,Offer incentive to move to a longer-term contract; Promote automatic payment enrollment; Offer discounted or trial tech support,7,Month-to-month,DSL,Electronic check,66.85,458.1
4760-THGOT,0,0,0.4915556602022347,Medium Risk,4392,Medium Value,2158.9124596082147,Medium,Month-to-month contract; Electronic check; Fiber optic service; No tech support,Offer incentive to move to a longer-term contract; Promote automatic payment enrollment; Offer discounted or trial tech support,43,Month-to-month,Fiber optic,Electronic check,94.1,4107.3
3627-FHKBK,1,1,0.6636690805252774,High Risk,3244,Low Value,2152.942497224,Medium,Month-to-month contract; Short tenure; Fiber optic service; No tech support,Offer incentive to move to a longer-term contract; Offer discounted or trial tech support; Trigger new-customer onboarding outreach,1,Month-to-month,Fiber optic,Mailed check,75.3,75.3
3292-PBZEJ,0,1,0.6730091528172875,High Risk,3175,Low Value,2136.804060194888,Medium,Month-to-month contract; Electronic check; Fiber optic service; No online security,Offer incentive to move to a longer-term contract; Promote automatic payment enrollment; Bundle online security with retention offer,11,Month-to-month,Fiber optic,Electronic check,111.4,1183.05
0376-YMCJC,1,0,0.4873536247050983,Medium Risk,4359,Medium Value,2124.3744500895236,Medium,Month-to-month contract; Electronic check; Fiber optic service; No online security,Offer incentive to move to a longer-term contract; Promote automatic payment enrollment; Bundle online security with retention offer,23,Month-to-month,Fiber optic,Electronic check,90.6,1943.2
1853-UDXBW,1,1,0.8547998978917716,High Risk,2485,Low Value,2124.1777462610526,Medium,Month-to-month contract; Short tenure; Electronic check; Fiber optic service,Offer incentive to move to a longer-term contract; Promote automatic payment enrollment; Offer discounted or trial tech support,1,Month-to-month,Fiber optic,Electronic check,70.0,70.0
0082-OQIQY,0,0,0.4652582266059334,Medium Risk,4561,Medium Value,2122.042771549662,Medium,Month-to-month contract; Electronic check; Fiber optic service; No online security,Offer incentive to move to a longer-term contract; Promote automatic payment enrollment; Bundle online security with retention offer,29,Month-to-month,Fiber optic,Electronic check,94.2,2607.6
6654-QGBZZ,0,0,0.418957989320076,Medium Risk,5057,Medium Value,2118.6705519916245,Medium,Month-to-month contract; Short tenure,Offer incentive to move to a longer-term contract; Trigger new-customer onboarding outreach,1,Month-to-month,No,Mailed check,19.9,19.9
2672-OJQZP,0,1,0.5112847908584971,Medium Risk,4118,Medium Value,2105.470768755291,Medium,Month-to-month contract; Short tenure; No tech support; No online security,Offer incentive to move to a longer-term contract; Offer discounted or trial tech support; Bundle online security with retention offer,1,Month-to-month,DSL,Mailed check,44.75,44.75
7209-JCUDS,1,1,0.7391462062629262,High Risk,2832,Low Value,2093.262056136607,Medium,Month-to-month contract; Electronic check; Fiber optic service; No tech support,Offer incentive to move to a longer-term contract; Promote automatic payment enrollment; Offer discounted or trial tech support,10,Month-to-month,Fiber optic,Electronic check,94.9,1048.85
6481-ESCNL,0,0,0.4309825163620305,Medium Risk,4847,Medium Value,2088.972256806762,Medium,Month-to-month contract; Fiber optic service; No tech support; No online security,Offer incentive to move to a longer-term contract; Offer discounted or trial tech support; Bundle online security with retention offer,29,Month-to-month,Fiber optic,Bank transfer (automatic),100.55,2878.75
8621-MNIHH,1,1,0.6188784892112907,High Risk,3369,Low Value,2085.0016301528385,Medium,Month-to-month contract; Electronic check; Fiber optic service; No tech support,Offer incentive to move to a longer-term contract; Promote automatic payment enrollment; Offer discounted or trial tech support,34,Month-to-month,Fiber optic,Electronic check,94.25,3217.55
1236-WFCDV,1,0,0.4356899970968627,Medium Risk,4777,Medium Value,2081.291116131713,Medium,Month-to-month contract; Fiber optic service; No tech support; No online security,Offer incentive to move to a longer-term contract; Offer discounted or trial tech support; Bundle online security with retention offer,14,Month-to-month,Fiber optic,Credit card (automatic),90.45,1266.1
2606-RMDHZ,1,0,0.4444260206783499,Medium Risk,4667,Medium Value,2074.136238505859,Medium,Month-to-month contract; Short tenure; No tech support; No online security,Offer incentive to move to a longer-term contract; Offer discounted or trial tech support; Bundle online security with retention offer,6,Month-to-month,DSL,Credit card (automatic),30.5,208.7
4750-ZRXIU,1,1,0.8392822661901789,High Risk,2467,Low Value,2070.509350691171,Medium,Month-to-month contract; Short tenure; Electronic check; Fiber optic service,Offer incentive to move to a longer-term contract; Promote automatic payment enrollment; Offer discounted or trial tech support,4,Month-to-month,Fiber optic,Electronic check,84.6,360.1
0410-IPFTY,0,0,0.4828622643519987,Medium Risk,4283,Medium Value,2068.0990782196104,Medium,Month-to-month contract; Fiber optic service; No tech support; No online security,Offer incentive to move to a longer-term contract; Offer discounted or trial tech support; Bundle online security with retention offer,31,Month-to-month,Fiber optic,Bank transfer (automatic),83.85,2674.15
5828-AVIPD,1,1,0.5032872519568303,Medium Risk,4072,Medium Value,2049.3856899682132,Medium,Electronic check; Fiber optic service; No online security; High monthly charges,Promote automatic payment enrollment; Bundle online security with retention offer; Review plan pricing or offer loyalty discount,19,One year,Fiber optic,Electronic check,100.95,1875.55
7529-ZDFXI,0,0,0.4626908503661728,Medium Risk,4429,Medium Value,2049.257776271779,Medium,Month-to-month contract; Electronic check; Fiber optic service; No tech support,Offer incentive to move to a longer-term contract; Promote automatic payment enrollment; Offer discounted or trial tech support,57,Month-to-month,Fiber optic,Electronic check,89.85,4925.35
6284-AHOOQ,1,0,0.4081559615853953,Medium Risk,5014,Medium Value,2046.493991389172,Medium,Month-to-month contract; Fiber optic service; No online security; High monthly charges,Offer incentive to move to a longer-term contract; Bundle online security with retention offer; Review plan pricing or offer loyalty discount,22,Month-to-month,Fiber optic,Bank transfer (automatic),90.5,1910.6
2485-ITVKB,1,1,0.7721369983268439,High Risk,2643,Low Value,2040.7580865778484,Medium,Month-to-month contract; Short tenure; Electronic check; No tech support,Offer incentive to move to a longer-term contract; Promote automatic payment enrollment; Offer discounted or trial tech support,2,Month-to-month,DSL,Electronic check,35.1,68.75
0023-XUOPT,1,1,0.6863574278957767,High Risk,2973,Low Value,2040.5406331341442,Medium,Month-to-month contract; Electronic check; Fiber optic service; No tech support,Offer incentive to move to a longer-term contract; Promote automatic payment enrollment; Offer discounted or trial tech support,13,Month-to-month,Fiber optic,Electronic check,94.1,1215.6
3932-CMDTD,1,0,0.4373562793131036,Medium Risk,4663,Medium Value,2039.392330437002,Medium,Short tenure; Electronic check; Fiber optic service; No online security,Promote automatic payment enrollment; Bundle online security with retention offer; Review plan pricing or offer loyalty discount,4,One year,Fiber optic,Electronic check,105.65,443.9
9866-QEVEE,1,0,0.4181930886373989,Medium Risk,4857,Medium Value,2031.1638315118464,Medium,Month-to-month contract; Fiber optic service; No tech support; No online security,Offer incentive to move to a longer-term contract; Offer discounted or trial tech support; Bundle online security with retention offer,19,Month-to-month,Fiber optic,Bank transfer (automatic),86.0,1532.45
9572-WUKSB,0,0,0.4565574280965447,Medium Risk,4416,Medium Value,2016.1576024743415,Medium,Month-to-month contract; Short tenure; Electronic check; No online security,Offer incentive to move to a longer-term contract; Promote automatic payment enrollment; Bundle online security with retention offer,3,Month-to-month,DSL,Electronic check,29.9,92.25
5760-FXFVO,0,0,0.4869827553732981,Medium Risk,4093,Medium Value,1993.2204177429091,Medium,Month-to-month contract; Short tenure; Electronic check; Fiber optic service,Offer incentive to move to a longer-term contract; Promote automatic payment enrollment; Offer discounted or trial tech support,6,Month-to-month,Fiber optic,Electronic check,78.95,494.95
9717-QEBGU,0,1,0.668031192466514,High Risk,2980,Low Value,1990.7329535502117,Medium,Month-to-month contract; Short tenure; Electronic check; Fiber optic service,Offer incentive to move to a longer-term contract; Promote automatic payment enrollment; Offer discounted or trial tech support,2,Month-to-month,Fiber optic,Electronic check,70.3,144.0
8380-PEFPE,1,1,0.8347031303172943,High Risk,2377,Low Value,1984.0893407642084,Medium,Month-to-month contract; Short tenure; Electronic check; Fiber optic service,Offer incentive to move to a longer-term contract; Promote automatic payment enrollment; Offer discounted or trial tech support,1,Month-to-month,Fiber optic,Electronic check,71.65,71.65
6979-ZNSFF,1,1,0.7791417495818437,High Risk,2545,Low Value,1982.915752685792,Medium,Month-to-month contract; Electronic check; Fiber optic service; No tech support,Offer incentive to move to a longer-term contract; Promote automatic payment enrollment; Offer discounted or trial tech support,8,Month-to-month,Fiber optic,Electronic check,87.05,762.1
8245-UMPYT,1,1,0.7373472929194276,High Risk,2688,Low Value,1981.9895233674213,Medium,Month-to-month contract; Electronic check; Fiber optic service; No tech support,Offer incentive to move to a longer-term contract; Promote automatic payment enrollment; Offer discounted or trial tech support,16,Month-to-month,Fiber optic,Electronic check,96.4,1581.2
4678-DVQEO,1,0,0.4787855468471754,Medium Risk,4138,Medium Value,1981.2145928536117,Medium,Month-to-month contract; Short tenure; Electronic check; No online security,Offer incentive to move to a longer-term contract; Promote automatic payment enrollment; Bundle online security with retention offer,1,Month-to-month,DSL,Electronic check,52.2,52.2
6377-WHAOX,0,0,0.480251151325201,Medium Risk,4115,Medium Value,1976.2334877032022,Medium,Month-to-month contract; Electronic check; Fiber optic service; No tech support,Offer incentive to move to a longer-term contract; Promote automatic payment enrollment; Offer discounted or trial tech support,60,Month-to-month,Fiber optic,Electronic check,106.15,6411.25
9822-WMWVG,0,0,0.4433311226513824,Medium Risk,4434,Medium Value,1965.7301978362295,Medium,Month-to-month contract; Electronic check; Fiber optic service; High monthly charges,Offer incentive to move to a longer-term contract; Promote automatic payment enrollment; Review plan pricing or offer loyalty discount,41,Month-to-month,Fiber optic,Electronic check,106.5,4282.4
5419-CONWX,1,1,0.8638028113742259,High Risk,2268,Low Value,1959.1047761967443,Medium,Month-to-month contract; Short tenure; Fiber optic service; No tech support,Offer incentive to move to a longer-term contract; Offer discounted or trial tech support; Bundle online security with retention offer,4,Month-to-month,Fiber optic,Credit card (automatic),99.8,442.85
8033-VCZGH,0,0,0.4489215486354493,Medium Risk,4363,Medium Value,1958.6447166964654,Medium,Electronic check; Fiber optic service; No tech support; High monthly charges,Promote automatic payment enrollment; Offer discounted or trial tech support; Review plan pricing or offer loyalty discount,50,One year,Fiber optic,Electronic check,103.95,5231.3
8676-TRMJS,1,1,0.602791556631471,High Risk,3190,Low Value,1922.9050656543925,Medium,Month-to-month contract; Short tenure; Fiber optic service; No tech support,Offer incentive to move to a longer-term contract; Offer discounted or trial tech support; Bundle online security with retention offer,3,Month-to-month,Fiber optic,Mailed check,75.0,209.1
9512-UIBFX,1,0,0.4128215001709334,Medium Risk,4643,Medium Value,1916.7302252936438,Medium,Month-to-month contract; Fiber optic service; No tech support; No online security,Offer incentive to move to a longer-term contract; Offer discounted or trial tech support; Bundle online security with retention offer,18,Month-to-month,Fiber optic,Mailed check,95.15,1779.95
3982-XWFZQ,1,0,0.3911477146174871,Medium Risk,4873,Medium Value,1906.0628133310147,Medium,Month-to-month contract; Electronic check; No tech support; No online security,Offer incentive to move to a longer-term contract; Promote automatic payment enrollment; Offer discounted or trial tech support,42,Month-to-month,DSL,Electronic check,50.25,2203.65
2482-CZGBB,1,1,0.6019309869674309,High Risk,3156,Low Value,1899.6941948692117,Medium,Month-to-month contract; Electronic check; Fiber optic service; No tech support,Offer incentive to move to a longer-term contract; Promote automatic payment enrollment; Offer discounted or trial tech support,10,Month-to-month,Fiber optic,Electronic check,70.0,740.0
3672-YITQD,1,1,0.6340723542077699,High Risk,2987,Low Value,1893.9741220186086,Medium,Month-to-month contract; Electronic check; Fiber optic service; No tech support,Offer incentive to move to a longer-term contract; Promote automatic payment enrollment; Offer discounted or trial tech support,36,Month-to-month,Fiber optic,Electronic check,84.1,3021.6
4658-HCOHW,1,1,0.6056079331070992,High Risk,3123,Low Value,1891.3135750934707,Medium,Month-to-month contract; Electronic check; Fiber optic service; No online security,Offer incentive to move to a longer-term contract; Promote automatic payment enrollment; Bundle online security with retention offer,21,Month-to-month,Fiber optic,Electronic check,102.8,2110.15
7404-JLKQG,0,0,0.458866632711716,Medium Risk,4099,Medium Value,1880.8943274853239,Medium,Month-to-month contract; Short tenure; Electronic check; No tech support,Offer incentive to move to a longer-term contract; Promote automatic payment enrollment; Offer discounted or trial tech support,3,Month-to-month,DSL,Electronic check,57.55,161.45
2761-OCIAX,1,1,0.665317200139615,High Risk,2803,Low Value,1864.884111991341,Medium,Month-to-month contract; Short tenure; Electronic check; Fiber optic service,Offer incentive to move to a longer-term contract; Promote automatic payment enrollment; Offer discounted or trial tech support,2,Month-to-month,Fiber optic,Electronic check,74.7,165.4
0979-PHULV,1,0,0.4632797024729176,Medium Risk,4020,Medium Value,1862.3844039411288,Medium,Month-to-month contract; Fiber optic service; No tech support; No online security,Offer incentive to move to a longer-term contract; Offer discounted or trial tech support; Bundle online security with retention offer,69,Month-to-month,Fiber optic,Credit card (automatic),99.45,7007.6
9334-GWGOW,0,1,0.8141506564112111,High Risk,2259,Low Value,1839.166332832926,Medium,Month-to-month contract; Electronic check; Fiber optic service; No tech support,Offer incentive to move to a longer-term contract; Promote automatic payment enrollment; Offer discounted or trial tech support,7,Month-to-month,Fiber optic,Electronic check,74.85,485.25
8884-ADFVN,1,1,0.9078739016473928,High Risk,2016,Low Value,1830.273785721144,Medium,Month-to-month contract; Electronic check; Fiber optic service; No tech support,Offer incentive to move to a longer-term contract; Promote automatic payment enrollment; Offer discounted or trial tech support,7,Month-to-month,Fiber optic,Electronic check,101.95,700.85
2737-YNGYW,1,1,0.6368979948366521,High Risk,2856,Low Value,1818.9806732534785,Medium,Month-to-month contract; Short tenure; Electronic check; Fiber optic service,Offer incentive to move to a longer-term contract; Promote automatic payment enrollment; Offer discounted or trial tech support,2,Month-to-month,Fiber optic,Electronic check,80.55,184.1
8397-MVTAZ,1,1,0.7068308983614614,High Risk,2568,Low Value,1815.1417469922328,Medium,Month-to-month contract; Electronic check; Fiber optic service; No tech support,Offer incentive to move to a longer-term contract; Promote automatic payment enrollment; Offer discounted or trial tech support,34,Month-to-month,Fiber optic,Electronic check,100.05,3480.0
4526-ZJJTM,0,0,0.3739936512868304,Medium Risk,4849,Medium Value,1813.4952150898405,Medium,Month-to-month contract; Fiber optic service; No tech support; No online security,Offer incentive to move to a longer-term contract; Offer discounted or trial tech support; Bundle online security with retention offer,25,Month-to-month,Fiber optic,Bank transfer (automatic),88.4,2191.15
1143-NMNQJ,1,1,0.8266683553931622,High Risk,2187,Low Value,1807.9236932448457,Medium,Month-to-month contract; Short tenure; Electronic check; Fiber optic service,Offer incentive to move to a longer-term contract; Promote automatic payment enrollment; Offer discounted or trial tech support,2,Month-to-month,Fiber optic,Electronic check,85.7,169.8
0330-IVZHA,1,1,0.608443432682479,High Risk,2969,Low Value,1806.4685516342802,Medium,Month-to-month contract; Short tenure; Electronic check; Fiber optic service,Offer incentive to move to a longer-term contract; Promote automatic payment enrollment; Offer discounted or trial tech support,5,Month-to-month,Fiber optic,Electronic check,69.95,330.15
4983-CLMLV,0,0,0.4439258615473374,Medium Risk,4044,Medium Value,1795.2361840974324,Medium,Month-to-month contract; Fiber optic service; No online security; High monthly charges,Offer incentive to move to a longer-term contract; Bundle online security with retention offer; Review plan pricing or offer loyalty discount,52,Month-to-month,Fiber optic,Credit card (automatic),102.7,5138.1
2924-KHUVI,0,0,0.3703420530249738,Medium Risk,4847,Medium Value,1795.0479310120481,Medium,Electronic check; Fiber optic service; No tech support; High monthly charges,Promote automatic payment enrollment; Offer discounted or trial tech support; Review plan pricing or offer loyalty discount,56,One year,Fiber optic,Electronic check,100.55,5514.95
1448-PWKYE,1,1,0.8735533560100023,High Risk,2046,Low Value,1787.2901663964647,Medium,Month-to-month contract; Short tenure; Electronic check; Fiber optic service,Offer incentive to move to a longer-term contract; Promote automatic payment enrollment; Offer discounted or trial tech support,1,Month-to-month,Fiber optic,Electronic check,80.0,80.0
1751-NCDLI,0,1,0.6740809729794777,High Risk,2641,Low Value,1780.2478496388005,Medium,Month-to-month contract; Electronic check; Fiber optic service; No tech support,Offer incentive to move to a longer-term contract; Promote automatic payment enrollment; Offer discounted or trial tech support,46,Month-to-month,Fiber optic,Electronic check,98.85,4564.9
2027-FECZV,1,1,0.7366542977264562,High Risk,2406,Low Value,1772.3902403298537,Medium,Month-to-month contract; Electronic check; Fiber optic service; No tech support,Offer incentive to move to a longer-term contract; Promote automatic payment enrollment; Offer discounted or trial tech support,12,Month-to-month,Fiber optic,Electronic check,106.7,1253.9
4415-IJZTP,1,1,0.8774281668513648,High Risk,2016,Low Value,1768.8951843723514,Medium,Month-to-month contract; Short tenure; Electronic check; Fiber optic service,Offer incentive to move to a longer-term contract; Promote automatic payment enrollment; Offer discounted or trial tech support,1,Month-to-month,Fiber optic,Electronic check,74.5,74.5
1587-FKLZB,1,0,0.3929462673216553,Medium Risk,4479,Medium Value,1760.0063313336939,Medium,Month-to-month contract; Fiber optic service; No tech support; No online security,Offer incentive to move to a longer-term contract; Offer discounted or trial tech support; Bundle online security with retention offer,66,Month-to-month,Fiber optic,Credit card (automatic),99.5,6822.15
5351-QESIO,0,0,0.4096408081742139,Medium Risk,4276,Medium Value,1751.6240957529385,Medium,Month-to-month contract; Short tenure; No tech support; No online security,Offer incentive to move to a longer-term contract; Offer discounted or trial tech support; Bundle online security with retention offer,1,Month-to-month,DSL,Mailed check,24.2,24.2
3199-XGZCY,0,1,0.7441897419294897,High Risk,2332,Low Value,1735.45047817957,Medium,Month-to-month contract; Electronic check; Fiber optic service; No tech support,Offer incentive to move to a longer-term contract; Promote automatic payment enrollment; Offer discounted or trial tech support,8,Month-to-month,Fiber optic,Electronic check,75.25,576.7
9940-RHLFB,1,1,0.79624889709665,High Risk,2176,Low Value,1732.6376000823104,Medium,Month-to-month contract; Short tenure; Electronic check; Fiber optic service,Offer incentive to move to a longer-term contract; Promote automatic payment enrollment; Offer discounted or trial tech support,1,Month-to-month,Fiber optic,Electronic check,75.3,75.3
9741-YLNTD,0,1,0.6454455730106544,High Risk,2684,Low Value,1732.3759179605966,Medium,Month-to-month contract; Short tenure; Fiber optic service; No online security,Offer incentive to move to a longer-term contract; Bundle online security with retention offer; Trigger new-customer onboarding outreach,6,Month-to-month,Fiber optic,Bank transfer (automatic),87.95,522.35
2770-NSVDG,0,0,0.368436097157377,Medium Risk,4636,Medium Value,1708.0697464215998,Medium,Month-to-month contract; Electronic check; No tech support; No online security,Offer incentive to move to a longer-term contract; Promote automatic payment enrollment; Offer discounted or trial tech support,24,Month-to-month,DSL,Electronic check,29.1,688.0
3729-OWRVL,0,0,0.3968167765449203,Medium Risk,4295,Medium Value,1704.3280552604328,Medium,Electronic check; Fiber optic service; High monthly charges,Promote automatic payment enrollment; Review plan pricing or offer loyalty discount,65,Two year,Fiber optic,Electronic check,110.35,7246.15
8903-XEBGX,0,0,0.3676446196997214,Medium Risk,4594,Medium Value,1688.95938290052,Medium,Month-to-month contract; Short tenure; Electronic check; No tech support,Offer incentive to move to a longer-term contract; Promote automatic payment enrollment; Offer discounted or trial tech support,2,Month-to-month,DSL,Electronic check,55.3,108.65
9221-OTIVJ,1,1,0.7361173784504773,High Risk,2292,Low Value,1687.181031408494,Medium,Month-to-month contract; Electronic check; Fiber optic service; No tech support,Offer incentive to move to a longer-term contract; Promote automatic payment enrollment; Offer discounted or trial tech support,14,Month-to-month,Fiber optic,Electronic check,104.85,1531.4
8158-WPEZG,0,0,0.3360563424631056,Medium Risk,4986,Medium Value,1675.5769235210446,Medium,Month-to-month contract; Electronic check; No online security,Offer incentive to move to a longer-term contract; Promote automatic payment enrollment; Bundle online security with retention offer,11,Month-to-month,DSL,Electronic check,35.65,425.1
1550-LOAHA,1,0,0.4138628994318957,Medium Risk,4017,Medium Value,1662.487267017925,Medium,Month-to-month contract; Fiber optic service; No tech support; No online security,Offer incentive to move to a longer-term contract; Offer discounted or trial tech support; Bundle online security with retention offer,32,Month-to-month,Fiber optic,Bank transfer (automatic),84.15,2585.95
7273-TEFQD,1,1,0.7160463810196952,High Risk,2314,Low Value,1656.9313256795747,Medium,Month-to-month contract; Short tenure; Electronic check; No tech support,Offer incentive to move to a longer-term contract; Promote automatic payment enrollment; Offer discounted or trial tech support,3,Month-to-month,DSL,Electronic check,41.15,132.2
2178-PMGCJ,0,0,0.3410363068825847,Medium Risk,4838,Medium Value,1649.9336526979448,Medium,Month-to-month contract; Fiber optic service; No tech support; No online security,Offer incentive to move to a longer-term contract; Offer discounted or trial tech support; Bundle online security with retention offer,22,Month-to-month,Fiber optic,Mailed check,69.7,1490.4
5103-MHMHY,1,0,0.3604078593736802,Medium Risk,4563,Medium Value,1644.5410623221028,Medium,Month-to-month contract; Short tenure; No tech support; No online security,Offer incentive to move to a longer-term contract; Offer discounted or trial tech support; Bundle online security with retention offer,1,Month-to-month,DSL,Mailed check,45.95,45.95
6646-QVXLR,1,0,0.3255072647354446,Medium Risk,5052,Medium Value,1644.4627014434661,Medium,Electronic check; Fiber optic service; No tech support; No online security,Promote automatic payment enrollment; Offer discounted or trial tech support; Bundle online security with retention offer,62,One year,Fiber optic,Electronic check,103.75,6383.35
4115-NZRKS,0,1,0.6796867241065975,High Risk,2415,Low Value,1641.4434387174329,Medium,Month-to-month contract; Electronic check; Fiber optic service; No tech support,Offer incentive to move to a longer-term contract; Promote automatic payment enrollment; Offer discounted or trial tech support,7,Month-to-month,Fiber optic,Electronic check,89.15,574.35
6173-GOLSU,0,0,0.3823444774764169,Medium Risk,4228,Medium Value,1616.5524507702908,Medium,Month-to-month contract; Fiber optic service; No tech support; No online security,Offer incentive to move to a longer-term contract; Offer discounted or trial tech support; Bundle online security with retention offer,67,Month-to-month,Fiber optic,Credit card (automatic),94.65,6079.0
8840-DQLGN,1,0,0.3386997877510865,Medium Risk,4745,Medium Value,1607.1304928789054,Medium,Month-to-month contract; Fiber optic service; High monthly charges,Offer incentive to move to a longer-term contract; Review plan pricing or offer loyalty discount,35,Month-to-month,Fiber optic,Bank transfer (automatic),100.5,3653.35
1077-HUUJM,0,0,0.3437738117776286,Medium Risk,4668,Medium Value,1604.7361533779704,Medium,Month-to-month contract; Electronic check; Fiber optic service; No tech support,Offer incentive to move to a longer-term contract; Promote automatic payment enrollment; Offer discounted or trial tech support,7,Month-to-month,Fiber optic,Electronic check,71.05,472.65
4667-OHGKG,1,0,0.374974755393711,Medium Risk,4266,Medium Value,1599.6423065095712,Medium,Month-to-month contract; Short tenure,Offer incentive to move to a longer-term contract; Trigger new-customer onboarding outreach,1,Month-to-month,No,Mailed check,19.3,19.3
1217-VASWC,0,0,0.3512283568260698,Medium Risk,4499,Medium Value,1580.176377360488,Medium,Fiber optic service; No tech support; No online security; High monthly charges,Offer discounted or trial tech support; Bundle online security with retention offer; Review plan pricing or offer loyalty discount,43,One year,Fiber optic,Bank transfer (automatic),100.55,4304.0
4640-UHDOS,1,0,0.3476059085453347,Medium Risk,4498,Medium Value,1563.5313766369154,Medium,Month-to-month contract; Electronic check; No tech support; No online security,Offer incentive to move to a longer-term contract; Promote automatic payment enrollment; Offer discounted or trial tech support,13,Month-to-month,DSL,Electronic check,55.95,734.35
0871-URUWO,1,1,0.7791501201621107,High Risk,2003,Low Value,1560.6376906847076,Medium,Month-to-month contract; Fiber optic service; No tech support; No online security,Offer incentive to move to a longer-term contract; Offer discounted or trial tech support; Bundle online security with retention offer,13,Month-to-month,Fiber optic,Credit card (automatic),102.25,1359.0
9643-AVVWI,0,0,0.3652507395161469,Medium Risk,4264,Medium Value,1557.4291532968502,Medium,Month-to-month contract; Short tenure; Electronic check; Fiber optic service,Offer incentive to move to a longer-term contract; Promote automatic payment enrollment; Bundle online security with retention offer,3,Month-to-month,Fiber optic,Electronic check,80.0,241.3
3063-QFSZL,1,1,0.6774332320319743,High Risk,2294,Low Value,1554.031834281349,Medium,Month-to-month contract; Short tenure; Electronic check; No tech support,Offer incentive to move to a longer-term contract; Promote automatic payment enrollment; Offer discounted or trial tech support,1,Month-to-month,DSL,Electronic check,55.4,55.4
6892-XPFPU,1,1,0.7379097638533616,High Risk,2104,Low Value,1552.5621431474729,Medium,Month-to-month contract; Electronic check; Fiber optic service; No tech support,Offer incentive to move to a longer-term contract; Promote automatic payment enrollment; Offer discounted or trial tech support,24,Month-to-month,Fiber optic,Electronic check,104.25,2433.9
0471-ARVMX,0,0,0.3050392935146346,Medium Risk,5061,Medium Value,1543.8038644775656,Medium,Electronic check; Fiber optic service; No tech support; High monthly charges,Promote automatic payment enrollment; Offer discounted or trial tech support; Review plan pricing or offer loyalty discount,62,One year,Fiber optic,Electronic check,104.85,6312.9
3750-CKVKH,1,1,0.668031192466514,High Risk,2299,Low Value,1535.8037114805156,Medium,Month-to-month contract; Short tenure; Electronic check; Fiber optic service,Offer incentive to move to a longer-term contract; Promote automatic payment enrollment; Offer discounted or trial tech support,2,Month-to-month,Fiber optic,Electronic check,67.75,116.65
9819-FBNSV,0,0,0.3699912299491935,Medium Risk,4121,Medium Value,1524.7338586206263,Medium,Month-to-month contract; Fiber optic service; No tech support; No online security,Offer incentive to move to a longer-term contract; Offer discounted or trial tech support; Bundle online security with retention offer,37,Month-to-month,Fiber optic,Bank transfer (automatic),72.25,2575.45
7733-UDMTP,0,0,0.3288075406636087,Medium Risk,4622,Medium Value,1519.7484529471992,Medium,Month-to-month contract; Electronic check; No tech support; No online security,Offer incentive to move to a longer-term contract; Promote automatic payment enrollment; Offer discounted or trial tech support,57,Month-to-month,DSL,Electronic check,55.0,3094.05
6284-KMNUF,0,0,0.3283437690010643,Medium Risk,4615,Medium Value,1515.306493939912,Medium,Electronic check; Fiber optic service; No tech support; High monthly charges,Promote automatic payment enrollment; Offer discounted or trial tech support; Review plan pricing or offer loyalty discount,56,One year,Fiber optic,Electronic check,98.0,5270.6
7239-HZZCX,1,0,0.3123466022831245,Medium Risk,4851,Medium Value,1515.193367675437,Medium,Month-to-month contract; Short tenure,Offer incentive to move to a longer-term contract; Trigger new-customer onboarding outreach,1,Month-to-month,No,Mailed check,19.75,19.75
9840-DVNDC,1,1,0.6854850026570968,High Risk,2181,Low Value,1495.042790795128,Medium,Month-to-month contract; Short tenure; Fiber optic service; No tech support,Offer incentive to move to a longer-term contract; Offer discounted or trial tech support; Bundle online security with retention offer,6,Month-to-month,Fiber optic,Credit card (automatic),80.5,463.05
2108-YKQTY,1,0,0.3006086070379873,Medium Risk,4930,Medium Value,1482.0004326972773,Medium,Month-to-month contract; Short tenure; No tech support; No online security,Offer incentive to move to a longer-term contract; Offer discounted or trial tech support; Bundle online security with retention offer,4,Month-to-month,DSL,Credit card (automatic),50.7,151.3
4342-HENTK,1,1,0.6715763248922894,High Risk,2189,Low Value,1470.0805751892215,Medium,Month-to-month contract; Short tenure; Electronic check; Fiber optic service,Offer incentive to move to a longer-term contract; Promote automatic payment enrollment; Offer discounted or trial tech support,2,Month-to-month,Fiber optic,Electronic check,70.65,142.35
6856-RAURS,0,1,0.7191537168816133,High Risk,2044,Low Value,1469.9501973060176,Medium,Month-to-month contract; Short tenure; Fiber optic service; No tech support,Offer incentive to move to a longer-term contract; Offer discounted or trial tech support; Bundle online security with retention offer,2,Month-to-month,Fiber optic,Mailed check,74.9,136.05
4360-PNRQB,0,0,0.364412773775188,Medium Risk,4030,Medium Value,1468.5834783140076,Medium,Month-to-month contract; Fiber optic service; No tech support; No online security,Offer incentive to move to a longer-term contract; Offer discounted or trial tech support; Bundle online security with retention offer,18,Month-to-month,Fiber optic,Bank transfer (automatic),75.6,1395.05
8752-STIVR,1,1,0.7033584598035617,High Risk,2085,Low Value,1466.5023886904262,Medium,Month-to-month contract; Short tenure; Electronic check; Fiber optic service,Offer incentive to move to a longer-term contract; Promote automatic payment enrollment; Offer discounted or trial tech support,4,Month-to-month,Fiber optic,Electronic check,79.0,303.15
4724-WXVWF,0,0,0.3382586002588885,Medium Risk,4334,Medium Value,1466.0127735220226,Medium,Month-to-month contract; Electronic check; Fiber optic service; High monthly charges,Offer incentive to move to a longer-term contract; Promote automatic payment enrollment; Review plan pricing or offer loyalty discount,48,Month-to-month,Fiber optic,Electronic check,95.4,4445.3
0616-ATFGB,1,1,0.6831378304011656,High Risk,2119,Low Value,1447.5690626200699,Medium,Month-to-month contract; Short tenure; Electronic check; No tech support,Offer incentive to move to a longer-term contract; Promote automatic payment enrollment; Offer discounted or trial tech support,1,Month-to-month,DSL,Electronic check,25.05,25.05
6077-BDPXA,0,1,0.6491851373898108,High Risk,2228,Low Value,1446.3844861044984,Medium,Month-to-month contract; Short tenure; Electronic check; Fiber optic service,Offer incentive to move to a longer-term contract; Promote automatic payment enrollment; Offer discounted or trial tech support,3,Month-to-month,Fiber optic,Electronic check,70.15,194.2
9685-WKZGT,1,1,0.6934051915214917,High Risk,2075,Low Value,1438.8157724070952,Medium,Month-to-month contract; Electronic check; Fiber optic service; No tech support,Offer incentive to move to a longer-term contract; Promote automatic payment enrollment; Offer discounted or trial tech support,14,Month-to-month,Fiber optic,Electronic check,74.95,1036.75
5966-EMAZU,0,0,0.3088808808196467,Medium Risk,4576,Medium Value,1413.4389106307033,Medium,Fiber optic service; High monthly charges,Review plan pricing or offer loyalty discount,64,One year,Fiber optic,Mailed check,108.5,6880.85
6608-QQLVK,1,1,0.6774332320319743,High Risk,2077,Low Value,1407.0288229304106,Medium,Month-to-month contract; Short tenure; Electronic check; No tech support,Offer incentive to move to a longer-term contract; Promote automatic payment enrollment; Offer discounted or trial tech support,1,Month-to-month,DSL,Electronic check,50.5,50.5
2057-ZBLPD,1,1,0.6893303559148628,High Risk,2036,Low Value,1403.4766046426607,Medium,Month-to-month contract; Electronic check; Fiber optic service; No tech support,Offer incentive to move to a longer-term contract; Promote automatic payment enrollment; Offer discounted or trial tech support,21,Month-to-month,Fiber optic,Electronic check,86.5,1808.7
9812-GHVRI,0,0,0.3261114763829061,Medium Risk,4294,Medium Value,1400.3226795881988,Medium,Month-to-month contract; Fiber optic service; No tech support; No online security,Offer incentive to move to a longer-term contract; Offer discounted or trial tech support; Bundle online security with retention offer,40,Month-to-month,Fiber optic,Bank transfer (automatic),83.85,3532.25
2279-AXJJK,0,0,0.3117410653632617,Medium Risk,4465,Medium Value,1391.9238568469634,Medium,Month-to-month contract; Fiber optic service; No online security; High monthly charges,Offer incentive to move to a longer-term contract; Bundle online security with retention offer; Review plan pricing or offer loyalty discount,52,Month-to-month,Fiber optic,Credit card (automatic),95.65,5088.4
2659-VXMWZ,1,0,0.3351219352584098,Medium Risk,4146,Medium Value,1389.4155435813668,Medium,Electronic check; Fiber optic service; No tech support; High monthly charges,Promote automatic payment enrollment; Offer discounted or trial tech support; Review plan pricing or offer loyalty discount,67,One year,Fiber optic,Electronic check,111.3,7482.1
3374-LXDEV,1,1,0.6227880948682311,High Risk,2226,Low Value,1386.3262991766824,Medium,Month-to-month contract; Electronic check; Fiber optic service; No online security,Offer incentive to move to a longer-term contract; Promote automatic payment enrollment; Bundle online security with retention offer,13,Month-to-month,Fiber optic,Electronic check,89.4,1132.35
6821-BUXUX,1,1,0.6498542911407881,High Risk,2110,Low Value,1371.192554307063,Medium,Month-to-month contract; Electronic check; Fiber optic service; No tech support,Offer incentive to move to a longer-term contract; Promote automatic payment enrollment; Offer discounted or trial tech support,13,Month-to-month,Fiber optic,Electronic check,96.65,1244.5
4016-BJKTZ,0,0,0.3035532456778592,Medium Risk,4398,Medium Value,1335.0271744912247,Medium,Electronic check; Fiber optic service; No online security; High monthly charges,Promote automatic payment enrollment; Bundle online security with retention offer; Review plan pricing or offer loyalty discount,25,Two year,Fiber optic,Electronic check,108.9,2809.05
8212-DJRCH,0,0,0.3308497882379144,Medium Risk,4014,Medium Value,1328.0310499869884,Medium,Month-to-month contract; Short tenure; Fiber optic service; No tech support,Offer incentive to move to a longer-term contract; Offer discounted or trial tech support; Review plan pricing or offer loyalty discount,5,Month-to-month,Fiber optic,Mailed check,90.35,434.5
7571-YXDAD,1,1,0.6307056952218676,High Risk,2078,Low Value,1310.606434671041,Medium,Month-to-month contract; Short tenure; Fiber optic service; No tech support,Offer incentive to move to a longer-term contract; Offer discounted or trial tech support; Bundle online security with retention offer,2,Month-to-month,Fiber optic,Credit card (automatic),74.9,147.15
5766-ZJYBB,1,0,0.3123466022831245,Medium Risk,4152,Medium Value,1296.8630926795329,Medium,Month-to-month contract; Short tenure,Offer incentive to move to a longer-term contract; Trigger new-customer onboarding outreach,1,Month-to-month,No,Mailed check,19.4,19.4
6319-IEJWJ,1,1,0.6281992571882814,High Risk,2058,Low Value,1292.834071293483,Medium,Month-to-month contract; Electronic check; Fiber optic service; No tech support,Offer incentive to move to a longer-term contract; Promote automatic payment enrollment; Offer discounted or trial tech support,20,Month-to-month,Fiber optic,Electronic check,90.2,1776.55
4686-UXDML,0,1,0.6097703709796066,High Risk,2113,Low Value,1288.4447938799087,Medium,Month-to-month contract; Fiber optic service; No tech support; No online security,Offer incentive to move to a longer-term contract; Offer discounted or trial tech support; Bundle online security with retention offer,21,Month-to-month,Fiber optic,Credit card (automatic),99.85,1992.55
3858-XHYJO,0,0,0.3098521940025318,Medium Risk,4078,Medium Value,1263.5772471423245,Medium,Fiber optic service; No tech support; High monthly charges,Offer discounted or trial tech support; Review plan pricing or offer loyalty discount,40,One year,Fiber optic,Bank transfer (automatic),105.75,4228.55
6705-LXORM,0,1,0.6027470615361441,High Risk,2064,Low Value,1244.0699350106015,Medium,Month-to-month contract; Short tenure; Electronic check; Fiber optic service,Offer incentive to move to a longer-term contract; Promote automatic payment enrollment; Offer discounted or trial tech support,5,Month-to-month,Fiber optic,Electronic check,70.05,302.6
6680-WKXRZ,1,1,0.602791556631471,High Risk,2054,Low Value,1238.1338573210414,Medium,Month-to-month contract; Short tenure; Fiber optic service; No tech support,Offer incentive to move to a longer-term contract; Offer discounted or trial tech support; Bundle online security with retention offer,3,Month-to-month,Fiber optic,Bank transfer (automatic),74.4,215.8
3334-CTHOL,1,1,0.6065627762813552,High Risk,2041,Low Value,1237.9946263902461,Medium,Month-to-month contract; Short tenure; No tech support; No online security,Offer incentive to move to a longer-term contract; Offer discounted or trial tech support; Bundle online security with retention offer,1,Month-to-month,DSL,Bank transfer (automatic),49.95,49.95
3312-UUMZW,0,1,0.5791170315945209,Medium Risk,3981,Low Value,2305.4649027777878,Low,Month-to-month contract; Fiber optic service; No tech support; No online security,Offer incentive to move to a longer-term contract; Offer discounted or trial tech support; Bundle online security with retention offer,32,Month-to-month,Fiber optic,Credit card (automatic),98.85,3145.9
2754-XBHTB,1,1,0.5775554035046468,Medium Risk,3847,Low Value,2221.8556372823764,Low,Month-to-month contract; Fiber optic service; No tech support; No online security,Offer incentive to move to a longer-term contract; Offer discounted or trial tech support; Bundle online security with retention offer,9,Month-to-month,Fiber optic,Bank transfer (automatic),77.65,714.15
0390-DCFDQ,1,1,0.5355724360163285,Medium Risk,3964,Low Value,2123.009136368726,Low,Month-to-month contract; Short tenure; Fiber optic service; No tech support,Offer incentive to move to a longer-term contract; Offer discounted or trial tech support; Bundle online security with retention offer,1,Month-to-month,Fiber optic,Mailed check,70.45,70.45
4817-VYYWS,1,1,0.5875111087526855,Medium Risk,3598,Low Value,2113.8649692921626,Low,Month-to-month contract; Electronic check; Fiber optic service; No tech support,Offer incentive to move to a longer-term contract; Promote automatic payment enrollment; Offer discounted or trial tech support,30,Month-to-month,Fiber optic,Electronic check,100.2,2983.8
6543-XRMYR,1,1,0.5913901657590404,Medium Risk,3548,Low Value,2098.2523081130753,Low,Month-to-month contract; Electronic check; Fiber optic service; No tech support,Offer incentive to move to a longer-term contract; Promote automatic payment enrollment; Offer discounted or trial tech support,30,Month-to-month,Fiber optic,Electronic check,99.7,2967.35
0668-OGMHD,0,1,0.5435840414972225,Medium Risk,3766,Low Value,2047.1375002785398,Low,Month-to-month contract; Electronic check; No tech support,Offer incentive to move to a longer-term contract; Promote automatic payment enrollment; Offer discounted or trial tech support,21,Month-to-month,DSL,Electronic check,28.5,629.35
4631-OACRM,1,1,0.5637275650058025,Medium Risk,3621,Low Value,2041.2575128860108,Low,Month-to-month contract; Electronic check; Fiber optic service; No tech support,Offer incentive to move to a longer-term contract; Promote automatic payment enrollment; Offer discounted or trial tech support,15,Month-to-month,Fiber optic,Electronic check,79.4,1156.1
2694-CIUMO,0,1,0.5725305265741258,Medium Risk,3445,Low Value,1972.3676640478636,Low,Month-to-month contract; Fiber optic service; No online security,Offer incentive to move to a longer-term contract; Bundle online security with retention offer,12,Month-to-month,Fiber optic,Credit card (automatic),79.55,958.25
5442-BHQNG,0,1,0.5718207475713297,Medium Risk,3430,Low Value,1961.3451641696608,Low,Month-to-month contract; Short tenure; Electronic check; Fiber optic service,Offer incentive to move to a longer-term contract; Promote automatic payment enrollment; Offer discounted or trial tech support,2,Month-to-month,Fiber optic,Electronic check,70.35,139.25
8266-VBFQL,0,1,0.5883766531177845,Medium Risk,3314,Low Value,1949.8802284323378,Low,Month-to-month contract; Short tenure; Electronic check; Fiber optic service,Offer incentive to move to a longer-term contract; Promote automatic payment enrollment; Bundle online security with retention offer,4,Month-to-month,Fiber optic,Electronic check,90.4,356.65
2800-QQUSO,0,1,0.586190555476804,Medium Risk,3286,Low Value,1926.2221652967778,Low,Month-to-month contract; Electronic check; Fiber optic service; No online security,Offer incentive to move to a longer-term contract; Promote automatic payment enrollment; Bundle online security with retention offer,42,Month-to-month,Fiber optic,Electronic check,100.3,4222.95
5606-AMZBO,0,1,0.557187368552626,Medium Risk,3403,Low Value,1896.1086151845861,Low,Month-to-month contract; Fiber optic service; No tech support,Offer incentive to move to a longer-term contract; Offer discounted or trial tech support,10,Month-to-month,Fiber optic,Credit card (automatic),78.15,765.15
4154-AQUGT,1,0,0.4910214324801197,Medium Risk,3861,Low Value,1895.833750805742,Low,Month-to-month contract; Fiber optic service; No online security,Offer incentive to move to a longer-term contract; Bundle online security with retention offer,13,Month-to-month,Fiber optic,Bank transfer (automatic),89.05,1169.35
3966-HRMZA,0,1,0.5310234728148266,Medium Risk,3545,Low Value,1882.4782111285604,Low,Month-to-month contract; Short tenure; Fiber optic service; No tech support,Offer incentive to move to a longer-term contract; Offer discounted or trial tech support; Bundle online security with retention offer,3,Month-to-month,Fiber optic,Mailed check,75.05,202.9
2665-NPTGL,0,1,0.5921130720219551,Medium Risk,3114,Low Value,1843.840106276368,Low,Month-to-month contract; Fiber optic service; No tech support; No online security,Offer incentive to move to a longer-term contract; Offer discounted or trial tech support; Bundle online security with retention offer,26,Month-to-month,Fiber optic,Bank transfer (automatic),98.1,2510.7
5144-TVGLP,0,0,0.4936722607704888,Medium Risk,3654,Low Value,1803.878440855366,Low,Month-to-month contract; Electronic check; Fiber optic service; No tech support,Offer incentive to move to a longer-term contract; Promote automatic payment enrollment; Offer discounted or trial tech support,38,Month-to-month,Fiber optic,Electronic check,94.75,3653.0
8988-ECPJR,1,0,0.4481450049024865,Medium Risk,3980,Low Value,1783.6171195118961,Low,Month-to-month contract; Fiber optic service; No tech support; No online security,Offer incentive to move to a longer-term contract; Offer discounted or trial tech support; Bundle online security with retention offer,34,Month-to-month,Fiber optic,Mailed check,79.6,2718.3
0988-JRWWP,0,1,0.5609710770344348,Medium Risk,3167,Low Value,1776.5954009680552,Low,Month-to-month contract; Short tenure; Electronic check; No tech support,Offer incentive to move to a longer-term contract; Promote automatic payment enrollment; Offer discounted or trial tech support,3,Month-to-month,DSL,Electronic check,54.2,140.4
7067-KSAZT,1,0,0.2965941605286099,Low Risk,5965,High Value,1769.184167553158,Low,Electronic check; Fiber optic service; No tech support; No online security,Promote automatic payment enrollment; Offer discounted or trial tech support; Bundle online security with retention offer,65,One year,Fiber optic,Electronic check,106.25,6979.8
0322-CHQRU,1,1,0.5046761771286483,Medium Risk,3478,Low Value,1755.2637440534388,Low,Month-to-month contract; Short tenure; Electronic check; No tech support,Offer incentive to move to a longer-term contract; Promote automatic payment enrollment; Offer discounted or trial tech support,2,Month-to-month,DSL,Electronic check,45.35,89.5
2203-GHNWN,0,0,0.4598351966648931,Medium Risk,3816,Low Value,1754.731110473232,Low,Month-to-month contract; Fiber optic service; No tech support; No online security,Offer incentive to move to a longer-term contract; Offer discounted or trial tech support; Bundle online security with retention offer,24,Month-to-month,Fiber optic,Mailed check,79.65,1928.7
6770-XUAGN,1,0,0.4591182226368912,Medium Risk,3753,Low Value,1723.0706895562528,Low,Month-to-month contract; Short tenure; Electronic check,Offer incentive to move to a longer-term contract; Promote automatic payment enrollment; Trigger new-customer onboarding outreach,1,Month-to-month,No,Electronic check,21.0,21.0
1833-TCXKK,0,1,0.5199987898979502,Medium Risk,3301,Low Value,1716.5160054531336,Low,Month-to-month contract; Fiber optic service; No tech support; No online security,Offer incentive to move to a longer-term contract; Offer discounted or trial tech support; Bundle online security with retention offer,45,Month-to-month,Fiber optic,Bank transfer (automatic),107.75,4882.8
2087-QAREY,0,0,0.2994868989235115,Low Risk,5722,High Value,1713.6640356403327,Low,Month-to-month contract; No tech support; No online security,Offer incentive to move to a longer-term contract; Offer discounted or trial tech support; Bundle online security with retention offer,22,Month-to-month,DSL,Mailed check,54.7,1178.75
5440-VHLUL,0,0,0.2737611019261491,Low Risk,6247,High Value,1710.1856037326536,Low,Fiber optic service; No online security; High monthly charges,Bundle online security with retention offer; Review plan pricing or offer loyalty discount,69,One year,Fiber optic,Bank transfer (automatic),105.2,7386.05
9576-ANLXO,1,1,0.5944887583886488,Medium Risk,2876,Low Value,1709.7496691257538,Low,Month-to-month contract; Short tenure; Fiber optic service; No tech support,Offer incentive to move to a longer-term contract; Offer discounted or trial tech support; Bundle online security with retention offer,3,Month-to-month,Fiber optic,Bank transfer (automatic),69.55,222.3
2480-EJWYP,0,0,0.2832869595666688,Low Risk,6019,High Value,1705.1042096317794,Low,Fiber optic service; No tech support; No online security; High monthly charges,Offer discounted or trial tech support; Bundle online security with retention offer; Review plan pricing or offer loyalty discount,58,One year,Fiber optic,Bank transfer (automatic),97.8,5458.8
6137-NICCO,0,1,0.5522768017778037,Medium Risk,3083,Low Value,1702.6693798809688,Low,Month-to-month contract; Short tenure; Fiber optic service; No tech support,Offer incentive to move to a longer-term contract; Offer discounted or trial tech support; Bundle online security with retention offer,6,Month-to-month,Fiber optic,Mailed check,94.05,518.75
8495-PRWFH,0,0,0.2911897609821018,Low Risk,5831,High Value,1697.9274962866357,Low,Month-to-month contract; Electronic check; No tech support; No online security,Offer incentive to move to a longer-term contract; Promote automatic payment enrollment; Offer discounted or trial tech support,42,Month-to-month,DSL,Electronic check,55.65,2421.75
5373-SFODM,1,1,0.5545955244583648,Medium Risk,3041,Low Value,1686.5249898778873,Low,Month-to-month contract; Fiber optic service; No tech support; No online security,Offer incentive to move to a longer-term contract; Offer discounted or trial tech support; Bundle online security with retention offer,36,Month-to-month,Fiber optic,Credit card (automatic),85.25,3132.75
0096-BXERS,0,0,0.4881230282115733,Medium Risk,3442,Low Value,1680.1194631042351,Low,Month-to-month contract; Short tenure; Electronic check; No tech support,Offer incentive to move to a longer-term contract; Promote automatic payment enrollment; Offer discounted or trial tech support,6,Month-to-month,DSL,Electronic check,50.35,314.55
8849-AYPTR,0,1,0.5087742521618417,Medium Risk,3296,Low Value,1676.9199351254301,Low,Month-to-month contract; Electronic check; Fiber optic service; No tech support,Offer incentive to move to a longer-term contract; Promote automatic payment enrollment; Offer discounted or trial tech support,33,Month-to-month,Fiber optic,Electronic check,91.25,2964.05
8280-MQRQN,1,1,0.5943044531933231,Medium Risk,2806,Low Value,1667.6182956604648,Low,Month-to-month contract; Short tenure; No tech support; No online security,Offer incentive to move to a longer-term contract; Offer discounted or trial tech support; Bundle online security with retention offer,1,Month-to-month,DSL,Mailed check,50.45,50.45
7853-WNZSY,0,0,0.2869840952862422,Low Risk,5809,High Value,1667.0906095177809,Low,Month-to-month contract; Short tenure,Offer incentive to move to a longer-term contract; Trigger new-customer onboarding outreach,1,Month-to-month,No,Credit card (automatic),19.75,19.75
3197-ARFOY,0,0,0.472968372036737,Medium Risk,3524,Low Value,1666.740543057461,Low,Month-to-month contract; Fiber optic service; High monthly charges,Offer incentive to move to a longer-term contract; Review plan pricing or offer loyalty discount,19,Month-to-month,Fiber optic,Mailed check,105.0,2007.25
2187-PKZAY,0,1,0.5573405237351243,Medium Risk,2968,Low Value,1654.186674445849,Low,Month-to-month contract; Fiber optic service; No tech support; No online security,Offer incentive to move to a longer-term contract; Offer discounted or trial tech support; Bundle online security with retention offer,12,Month-to-month,Fiber optic,Bank transfer (automatic),79.95,1043.4
5226-NOZFC,0,1,0.5193637067442921,Medium Risk,3178,Low Value,1650.5378600333604,Low,Month-to-month contract; Electronic check; Fiber optic service; No tech support,Offer incentive to move to a longer-term contract; Promote automatic payment enrollment; Offer discounted or trial tech support,26,Month-to-month,Fiber optic,Electronic check,85.75,2146.5
9167-APMXZ,0,0,0.4634793988911295,Medium Risk,3549,Low Value,1644.8883866646186,Low,Month-to-month contract; Fiber optic service; No tech support; No online security,Offer incentive to move to a longer-term contract; Offer discounted or trial tech support; Bundle online security with retention offer,22,Month-to-month,Fiber optic,Bank transfer (automatic),84.15,1821.95
9381-NDKME,1,0,0.425724699748376,Medium Risk,3843,Low Value,1636.060021133009,Low,Month-to-month contract; No tech support; No online security,Offer incentive to move to a longer-term contract; Offer discounted or trial tech support; Bundle online security with retention offer,24,Month-to-month,DSL,Credit card (automatic),40.65,933.3
3312-ZWLGF,0,1,0.5132051281340914,Medium Risk,3172,Low Value,1627.8866664413379,Low,Month-to-month contract; Electronic check; Fiber optic service; No online security,Offer incentive to move to a longer-term contract; Promote automatic payment enrollment; Bundle online security with retention offer,29,Month-to-month,Fiber optic,Electronic check,79.3,2414.55
0682-USIXD,0,1,0.5511775472658417,Medium Risk,2937,Low Value,1618.808456319777,Low,Month-to-month contract; Electronic check; Fiber optic service; No online security,Offer incentive to move to a longer-term contract; Promote automatic payment enrollment; Bundle online security with retention offer,21,Month-to-month,Fiber optic,Electronic check,86.05,1818.9
2960-NKRSO,0,0,0.2978979871431401,Low Risk,5421,High Value,1614.9049883029625,Low,Month-to-month contract; Electronic check; Fiber optic service; No online security,Offer incentive to move to a longer-term contract; Promote automatic payment enrollment; Bundle online security with retention offer,24,Month-to-month,Fiber optic,Electronic check,85.95,2107.15
9369-XFEHK,1,0,0.4481450049024865,Medium Risk,3601,Low Value,1613.7701626538537,Low,Month-to-month contract; Fiber optic service; No tech support; No online security,Offer incentive to move to a longer-term contract; Offer discounted or trial tech support; Bundle online security with retention offer,33,Month-to-month,Fiber optic,Bank transfer (automatic),80.6,2656.5
0058-EVZWM,0,0,0.273734492613771,Low Risk,5875,High Value,1608.1901441059044,Low,Month-to-month contract; Fiber optic service; No tech support,Offer incentive to move to a longer-term contract; Offer discounted or trial tech support,55,Month-to-month,Fiber optic,Bank transfer (automatic),89.8,4959.6
6128-AQBMT,0,0,0.4085098332757352,Medium Risk,3920,Low Value,1601.358546440882,Low,Month-to-month contract; Electronic check; No tech support; No online security,Offer incentive to move to a longer-term contract; Promote automatic payment enrollment; Offer discounted or trial tech support,41,Month-to-month,DSL,Electronic check,53.95,2215.4
4512-ZUIYL,1,1,0.5467633419570435,Medium Risk,2928,Low Value,1600.9230652502233,Low,Month-to-month contract; Short tenure; Fiber optic service; No tech support,Offer incentive to move to a longer-term contract; Offer discounted or trial tech support; Bundle online security with retention offer,2,Month-to-month,Fiber optic,Bank transfer (automatic),70.0,153.05
2860-RANUS,1,0,0.4781499641965362,Medium Risk,3336,Low Value,1595.1082805596448,Low,Month-to-month contract; Fiber optic service; No tech support; No online security,Offer incentive to move to a longer-term contract; Offer discounted or trial tech support; Bundle online security with retention offer,20,Month-to-month,Fiber optic,Credit card (automatic),85.8,1727.5
2446-ZKVAF,0,0,0.2869264982329362,Low Risk,5558,High Value,1594.7374771786594,Low,Month-to-month contract; No tech support; No online security,Offer incentive to move to a longer-term contract; Offer discounted or trial tech support; Bundle online security with retention offer,18,Month-to-month,DSL,Credit card (automatic),56.8,1074.65
0576-WNXXC,1,1,0.5314623858520549,Medium Risk,2999,Low Value,1593.8556951703124,Low,Month-to-month contract; Electronic check; Fiber optic service; No tech support,Offer incentive to move to a longer-term contract; Promote automatic payment enrollment; Offer discounted or trial tech support,27,Month-to-month,Fiber optic,Electronic check,95.55,2510.2
6661-HBGWL,1,1,0.5296199039841231,Medium Risk,2984,Low Value,1580.3857934886232,Low,Month-to-month contract; Fiber optic service; No tech support; No online security,Offer incentive to move to a longer-term contract; Offer discounted or trial tech support; Bundle online security with retention offer,42,Month-to-month,Fiber optic,Bank transfer (automatic),104.75,4323.45
7851-FLGGQ,1,0,0.4200983860188482,Medium Risk,3704,Low Value,1556.0444218138136,Low,Month-to-month contract; Short tenure; No online security,Offer incentive to move to a longer-term contract; Bundle online security with retention offer; Trigger new-customer onboarding outreach,1,Month-to-month,DSL,Mailed check,44.65,44.65
5136-GFPMB,0,0,0.2638751299773979,Low Risk,5871,High Value,1549.2108880973033,Low,Month-to-month contract; Fiber optic service; No tech support; No online security,Offer incentive to move to a longer-term contract; Offer discounted or trial tech support; Bundle online security with retention offer,54,Month-to-month,Fiber optic,Credit card (automatic),89.4,4869.5
5016-IBERQ,0,1,0.549306593451654,Medium Risk,2781,Low Value,1527.6216363890499,Low,Month-to-month contract; Electronic check; Fiber optic service; No tech support,Offer incentive to move to a longer-term contract; Promote automatic payment enrollment; Offer discounted or trial tech support,23,Month-to-month,Fiber optic,Electronic check,84.25,1968.1
5133-POWUA,0,1,0.5842118980128098,Medium Risk,2614,Low Value,1527.1299014054848,Low,Month-to-month contract; Short tenure; No tech support; No online security,Offer incentive to move to a longer-term contract; Offer discounted or trial tech support; Bundle online security with retention offer,1,Month-to-month,DSL,Mailed check,45.8,45.8
1942-OQFRW,0,1,0.5465669849734354,Medium Risk,2785,Low Value,1522.1890531510176,Low,Month-to-month contract; Short tenure; Electronic check; No tech support,Offer incentive to move to a longer-term contract; Promote automatic payment enrollment; Offer discounted or trial tech support,1,Month-to-month,DSL,Electronic check,44.0,44.0
9701-CDXHR,0,0,0.2913973925325541,Low Risk,5187,High Value,1511.478275066358,Low,Month-to-month contract; Fiber optic service; No tech support; No online security,Offer incentive to move to a longer-term contract; Offer discounted or trial tech support; Bundle online security with retention offer,51,Month-to-month,Fiber optic,Mailed check,69.15,3649.6
3893-JRNFS,0,0,0.2405098528663579,Low Risk,6270,High Value,1507.996777472064,Low,Month-to-month contract; No tech support; No online security,Offer incentive to move to a longer-term contract; Offer discounted or trial tech support; Bundle online security with retention offer,68,Month-to-month,DSL,Bank transfer (automatic),39.9,2796.35
5207-PLSTK,0,0,0.2944561157342263,Low Risk,5068,Medium Value,1492.3035945410588,Low,Month-to-month contract; Short tenure; No tech support,Offer incentive to move to a longer-term contract; Offer discounted or trial tech support; Trigger new-customer onboarding outreach,1,Month-to-month,DSL,Mailed check,48.75,48.75
6542-LWGXJ,0,1,0.5459297715470417,Medium Risk,2730,Low Value,1490.3882763234237,Low,Month-to-month contract; Short tenure; No tech support; No online security,Offer incentive to move to a longer-term contract; Offer discounted or trial tech support; Bundle online security with retention offer,3,Month-to-month,DSL,Mailed check,25.0,78.25
9048-JVYVF,1,0,0.4234055623480274,Medium Risk,3520,Low Value,1490.3875794650564,Low,Month-to-month contract; Short tenure; Electronic check; No online security,Offer incentive to move to a longer-term contract; Promote automatic payment enrollment; Bundle online security with retention offer,3,Month-to-month,DSL,Electronic check,69.35,191.35
5650-YLIBA,0,0,0.4892408648060422,Medium Risk,3031,Low Value,1482.8890612271139,Low,Month-to-month contract; Electronic check; Fiber optic service; No tech support,Offer incentive to move to a longer-term contract; Promote automatic payment enrollment; Offer discounted or trial tech support,31,Month-to-month,Fiber optic,Electronic check,81.15,2640.55
4248-QPAVC,1,0,0.4550591356283808,Medium Risk,3209,Low Value,1460.284766231474,Low,Month-to-month contract; Fiber optic service; No tech support,Offer incentive to move to a longer-term contract; Offer discounted or trial tech support,17,Month-to-month,Fiber optic,Bank transfer (automatic),85.35,1463.45
6834-NXDCA,1,0,0.4919519862745645,Medium Risk,2967,Low Value,1459.6215432766328,Low,Month-to-month contract; Electronic check; No tech support; No online security,Offer incentive to move to a longer-term contract; Promote automatic payment enrollment; Offer discounted or trial tech support,13,Month-to-month,DSL,Electronic check,23.9,300.8
4067-HLYQI,0,0,0.2998953664140737,Low Risk,4860,Medium Value,1457.4914807723983,Low,Month-to-month contract; Fiber optic service; No tech support; No online security,Offer incentive to move to a longer-term contract; Offer discounted or trial tech support; Bundle online security with retention offer,33,Month-to-month,Fiber optic,Bank transfer (automatic),70.4,2406.1
1112-CUNAO,1,1,0.546134474920544,Medium Risk,2668,Low Value,1457.0867790880113,Low,Month-to-month contract; Electronic check; Fiber optic service; No tech support,Offer incentive to move to a longer-term contract; Promote automatic payment enrollment; Offer discounted or trial tech support,15,Month-to-month,Fiber optic,Electronic check,89.85,1424.95
9629-NHXFW,0,0,0.4595005661886454,Medium Risk,3160,Low Value,1452.0217891561194,Low,Month-to-month contract; Short tenure,Offer incentive to move to a longer-term contract; Trigger new-customer onboarding outreach,1,Month-to-month,No,Mailed check,19.4,19.4
0431-APWVY,1,0,0.2434212991384308,Low Risk,5958,High Value,1450.3041002667708,Low,Fiber optic service; No tech support; No online security; High monthly charges,Offer discounted or trial tech support; Bundle online security with retention offer; Review plan pricing or offer loyalty discount,28,One year,Fiber optic,Bank transfer (automatic),90.1,2598.95
1319-YLZJG,0,1,0.5776453858809949,Medium Risk,2499,Low Value,1443.5358193166062,Low,Month-to-month contract; Electronic check; Fiber optic service; No tech support,Offer incentive to move to a longer-term contract; Promote automatic payment enrollment; Offer discounted or trial tech support,12,Month-to-month,Fiber optic,Electronic check,84.6,959.9
7251-XFOIL,0,0,0.2589942199055698,Low Risk,5536,High Value,1433.7920013972346,Low,Month-to-month contract; Fiber optic service; No tech support; No online security,Offer incentive to move to a longer-term contract; Offer discounted or trial tech support; Bundle online security with retention offer,61,Month-to-month,Fiber optic,Mailed check,89.2,5500.6
3658-KIBGF,1,1,0.5025782001176982,Medium Risk,2833,Low Value,1423.804040933439,Low,Month-to-month contract; Short tenure; Electronic check; No tech support,Offer incentive to move to a longer-term contract; Promote automatic payment enrollment; Offer discounted or trial tech support,1,Month-to-month,DSL,Electronic check,54.9,54.9
5575-TPIZQ,0,0,0.2530055819729984,Low Risk,5593,High Value,1415.0602199749799,Low,Month-to-month contract; Fiber optic service; No tech support,Offer incentive to move to a longer-term contract; Offer discounted or trial tech support,46,Month-to-month,Fiber optic,Credit card (automatic),89.15,4245.55
2782-LFZVW,0,0,0.3638126391404441,Medium Risk,3880,Low Value,1411.5930398649232,Low,Month-to-month contract; No tech support; No online security,Offer incentive to move to a longer-term contract; Offer discounted or trial tech support; Bundle online security with retention offer,11,Month-to-month,DSL,Mailed check,58.95,601.6
2967-MXRAV,0,0,0.2727026373606517,Low Risk,5160,High Value,1407.1456087809627,Low,Short tenure,Trigger new-customer onboarding outreach,1,One year,No,Mailed check,18.8,18.8
6175-IRFIT,0,1,0.5340458775998224,Medium Risk,2610,Low Value,1393.8597405355363,Low,Month-to-month contract; Short tenure; Fiber optic service; No tech support,Offer incentive to move to a longer-term contract; Offer discounted or trial tech support; Bundle online security with retention offer,5,Month-to-month,Fiber optic,Mailed check,78.75,426.35
6402-EJMWF,0,0,0.3782077088307199,Medium Risk,3684,Low Value,1393.3171993323722,Low,Month-to-month contract; Short tenure; No tech support; No online security,Offer incentive to move to a longer-term contract; Offer discounted or trial tech support; Bundle online security with retention offer,4,Month-to-month,DSL,Mailed check,55.3,238.5
7410-YTJIK,1,0,0.4827616854278934,Medium Risk,2872,Low Value,1386.4915605489098,Low,Month-to-month contract; Fiber optic service; No tech support; No online security,Offer incentive to move to a longer-term contract; Offer discounted or trial tech support; Bundle online security with retention offer,7,Month-to-month,Fiber optic,Mailed check,75.45,480.75
6297-NOOPG,0,0,0.2312851794300915,Low Risk,5979,High Value,1382.854087812517,Low,Electronic check; Fiber optic service; No online security; High monthly charges,Promote automatic payment enrollment; Bundle online security with retention offer; Review plan pricing or offer loyalty discount,70,Two year,Fiber optic,Electronic check,110.5,7752.05
6583-SZVGP,0,0,0.2297259363391927,Low Risk,5994,High Value,1376.977262417121,Low,Fiber optic service; No tech support; No online security; High monthly charges,Offer discounted or trial tech support; Bundle online security with retention offer; Review plan pricing or offer loyalty discount,48,Two year,Fiber optic,Bank transfer (automatic),108.1,5067.45
9767-FFLEM,0,0,0.2998953664140737,Low Risk,4591,Medium Value,1376.8196272070124,Low,Month-to-month contract; Fiber optic service; No tech support; No online security,Offer incentive to move to a longer-term contract; Offer discounted or trial tech support; Bundle online security with retention offer,38,Month-to-month,Fiber optic,Credit card (automatic),69.5,2625.25
5027-YOCXN,0,0,0.2420860119078156,Low Risk,5604,High Value,1356.6500107313987,Low,Fiber optic service; High monthly charges,Review plan pricing or offer loyalty discount,51,One year,Fiber optic,Credit card (automatic),110.05,5686.4
4701-AHWMW,1,0,0.2225313101648777,Low Risk,6041,High Value,1344.3116447060263,Low,Month-to-month contract; No online security,Offer incentive to move to a longer-term contract; Bundle online security with retention offer,55,Month-to-month,DSL,Bank transfer (automatic),54.55,2978.3
4690-LLKUA,1,0,0.3522202812048645,Medium Risk,3797,Low Value,1337.3804077348705,Low,Month-to-month contract; Electronic check; No tech support; No online security,Offer incentive to move to a longer-term contract; Promote automatic payment enrollment; Offer discounted or trial tech support,17,Month-to-month,DSL,Electronic check,45.05,770.6
1379-FRVEB,0,0,0.2901812290280832,Low Risk,4602,Medium Value,1335.4140159872388,Low,Month-to-month contract; Electronic check; Fiber optic service; No tech support,Offer incentive to move to a longer-term contract; Promote automatic payment enrollment; Offer discounted or trial tech support,15,Month-to-month,Fiber optic,Electronic check,91.0,1430.05
1092-GANHU,1,0,0.4187276887801315,Medium Risk,3182,Low Value,1332.3915056983785,Low,Month-to-month contract; Electronic check; Fiber optic service; No tech support,Offer incentive to move to a longer-term contract; Promote automatic payment enrollment; Offer discounted or trial tech support,17,Month-to-month,Fiber optic,Electronic check,76.65,1313.55
4190-MFLUW,1,0,0.2221384184546987,Low Risk,5925,High Value,1316.17012934409,Low,Month-to-month contract; No online security,Offer incentive to move to a longer-term contract; Bundle online security with retention offer,10,Month-to-month,DSL,Credit card (automatic),55.2,528.35
8757-TFHHJ,0,0,0.4399344900316608,Medium Risk,2978,Low Value,1310.1249113142858,Low,Month-to-month contract; Short tenure; No tech support,Offer incentive to move to a longer-term contract; Offer discounted or trial tech support; Trigger new-customer onboarding outreach,1,Month-to-month,DSL,Credit card (automatic),49.8,49.8
6777-TGHTM,1,0,0.235606408752103,Low Risk,5550,High Value,1307.6155685741717,Low,Fiber optic service; No tech support; High monthly charges,Offer discounted or trial tech support; Review plan pricing or offer loyalty discount,53,One year,Fiber optic,Credit card (automatic),106.95,5785.5
3717-OEAUQ,0,1,0.5467633419570435,Medium Risk,2388,Low Value,1305.6708605934198,Low,Month-to-month contract; Short tenure; Fiber optic service; No tech support,Offer incentive to move to a longer-term contract; Offer discounted or trial tech support; Bundle online security with retention offer,2,Month-to-month,Fiber optic,Mailed check,70.7,129.2
3325-FUYCG,1,0,0.3437456338043594,Medium Risk,3770,Low Value,1295.921039442435,Low,Electronic check; Fiber optic service; No tech support; High monthly charges,Promote automatic payment enrollment; Offer discounted or trial tech support; Review plan pricing or offer loyalty discount,28,One year,Fiber optic,Electronic check,106.1,2847.4
8393-DLHGA,1,1,0.5778530307221801,Medium Risk,2241,Low Value,1294.9686418484055,Low,Month-to-month contract; Electronic check; Fiber optic service; No tech support,Offer incentive to move to a longer-term contract; Promote automatic payment enrollment; Offer discounted or trial tech support,25,Month-to-month,Fiber optic,Electronic check,95.9,2448.75
8190-ZTQFB,0,0,0.2302481401633811,Low Risk,5622,High Value,1294.4550439985285,Low,Electronic check; No tech support; No online security,Promote automatic payment enrollment; Offer discounted or trial tech support; Bundle online security with retention offer,41,One year,DSL,Electronic check,51.35,2075.1
7279-BUYWN,1,0,0.3827416997188554,Medium Risk,3380,Low Value,1293.6669450497313,Low,Month-to-month contract; Electronic check; Fiber optic service; No tech support,Offer incentive to move to a longer-term contract; Promote automatic payment enrollment; Offer discounted or trial tech support,41,Month-to-month,Fiber optic,Electronic check,113.2,4689.5
9927-DSWDF,0,1,0.5314930337556681,Medium Risk,2429,Low Value,1290.996578992518,Low,Month-to-month contract; Electronic check; Fiber optic service; High monthly charges,Offer incentive to move to a longer-term contract; Promote automatic payment enrollment; Review plan pricing or offer loyalty discount,22,Month-to-month,Fiber optic,Electronic check,104.6,2180.55
4547-LYTDD,1,0,0.4524660261881845,Medium Risk,2850,Low Value,1289.5281746363257,Low,Month-to-month contract; Electronic check; Fiber optic service; No tech support,Offer incentive to move to a longer-term contract; Promote automatic payment enrollment; Offer discounted or trial tech support,16,Month-to-month,Fiber optic,Electronic check,72.65,1194.3
4581-LNWUM,0,0,0.4256634501093014,Medium Risk,3000,Low Value,1276.9903503279043,Low,Month-to-month contract; Electronic check; No tech support; No online security,Offer incentive to move to a longer-term contract; Promote automatic payment enrollment; Offer discounted or trial tech support,13,Month-to-month,DSL,Electronic check,49.15,649.4
4013-GUXND,0,0,0.346527426638859,Medium Risk,3678,Low Value,1274.5278751777234,Low,Month-to-month contract; Short tenure,Offer incentive to move to a longer-term contract; Trigger new-customer onboarding outreach,1,Month-to-month,No,Mailed check,20.8,20.8
6376-GAHQE,1,1,0.5954957721678391,Medium Risk,2140,Low Value,1274.3609524391757,Low,Month-to-month contract; Short tenure; Electronic check; Fiber optic service,Offer incentive to move to a longer-term contract; Promote automatic payment enrollment; Offer discounted or trial tech support,4,Month-to-month,Fiber optic,Electronic check,77.85,299.2
1894-IGFSG,1,0,0.4020106417127833,Medium Risk,3161,Low Value,1270.7556384541078,Low,Month-to-month contract; Electronic check; Fiber optic service; No tech support,Offer incentive to move to a longer-term contract; Promote automatic payment enrollment; Offer discounted or trial tech support,22,Month-to-month,Fiber optic,Electronic check,89.25,1907.85
5692-FPTAH,1,1,0.5842118980128098,Medium Risk,2168,Low Value,1266.5713948917717,Low,Month-to-month contract; Short tenure; No tech support; No online security,Offer incentive to move to a longer-term contract; Offer discounted or trial tech support; Bundle online security with retention offer,1,Month-to-month,DSL,Mailed check,45.4,45.4
8713-IGZSO,0,0,0.2116787859133508,Low Risk,5983,High Value,1266.4741761195778,Low,Month-to-month contract; Short tenure,Offer incentive to move to a longer-term contract; Trigger new-customer onboarding outreach,2,Month-to-month,No,Mailed check,24.85,62.0
7470-MCQTK,1,0,0.4741756245703185,Medium Risk,2655,Low Value,1258.9362832341956,Low,Month-to-month contract; No tech support; No online security,Offer incentive to move to a longer-term contract; Offer discounted or trial tech support; Bundle online security with retention offer,13,Month-to-month,DSL,Bank transfer (automatic),48.75,633.4
3523-QRQLL,1,0,0.212328539091867,Low Risk,5922,High Value,1257.4096085020365,Low,No tech support; No online security,Offer discounted or trial tech support; Bundle online security with retention offer,22,One year,DSL,Bank transfer (automatic),69.5,1498.2
7054-ENNGU,0,0,0.2717644921883864,Low Risk,4623,Medium Value,1256.3672473869103,Low,Month-to-month contract; No tech support; No online security,Offer incentive to move to a longer-term contract; Offer discounted or trial tech support; Bundle online security with retention offer,9,Month-to-month,DSL,Mailed check,50.85,466.6
9163-GHAYE,0,0,0.2248216731987601,Low Risk,5584,High Value,1255.4042231418764,Low,Month-to-month contract; Electronic check; No tech support; No online security,Offer incentive to move to a longer-term contract; Promote automatic payment enrollment; Offer discounted or trial tech support,15,Month-to-month,DSL,Electronic check,48.85,736.8
0430-IHCDJ,0,0,0.4817293630355169,Medium Risk,2597,Low Value,1251.0511558032374,Low,Month-to-month contract; Electronic check; No tech support; No online security,Offer incentive to move to a longer-term contract; Promote automatic payment enrollment; Offer discounted or trial tech support,15,Month-to-month,DSL,Electronic check,49.0,749.25
7018-WBJNK,0,0,0.2244362808882424,Low Risk,5566,High Value,1249.2123394239572,Low,Month-to-month contract; Fiber optic service; No tech support; No online security,Offer incentive to move to a longer-term contract; Offer discounted or trial tech support; Bundle online security with retention offer,13,Month-to-month,Fiber optic,Credit card (automatic),78.3,1033.95
9050-QLROH,1,0,0.4259865965041225,Medium Risk,2931,Low Value,1248.5667143535832,Low,Month-to-month contract; Fiber optic service; No tech support; No online security,Offer incentive to move to a longer-term contract; Offer discounted or trial tech support; Bundle online security with retention offer,18,Month-to-month,Fiber optic,Credit card (automatic),90.7,1597.25
2995-UPRYS,1,0,0.244496026820481,Low Risk,5098,High Value,1246.4407447308122,Low,Fiber optic service; No online security; High monthly charges,Bundle online security with retention offer; Review plan pricing or offer loyalty discount,40,One year,Fiber optic,Credit card (automatic),99.2,4062.2
1169-WCVAK,0,0,0.2705854027445531,Low Risk,4600,Medium Value,1244.6928526249444,Low,Month-to-month contract; Fiber optic service,Offer incentive to move to a longer-term contract,19,Month-to-month,Fiber optic,Credit card (automatic),88.8,1672.35
2277-VWCNI,0,0,0.4072081306258818,Medium Risk,3048,Low Value,1241.1703821476876,Low,Month-to-month contract; Short tenure; No tech support; No online security,Offer incentive to move to a longer-term contract; Offer discounted or trial tech support; Bundle online security with retention offer,4,Month-to-month,DSL,Mailed check,48.75,179.85
0365-GXEZS,0,0,0.4370386518476823,Medium Risk,2831,Low Value,1237.2564233807886,Low,Month-to-month contract; Electronic check; Fiber optic service; No online security,Offer incentive to move to a longer-term contract; Promote automatic payment enrollment; Bundle online security with retention offer,18,Month-to-month,Fiber optic,Electronic check,78.2,1468.75
0440-QEXBZ,0,0,0.2135776683523129,Low Risk,5790,High Value,1236.6146997598917,Low,Month-to-month contract; No tech support; No online security,Offer incentive to move to a longer-term contract; Offer discounted or trial tech support; Bundle online security with retention offer,44,Month-to-month,DSL,Mailed check,50.15,2139.1
5600-PDUJF,0,0,0.2224878587004858,Low Risk,5552,High Value,1235.2525915050971,Low,Month-to-month contract; Short tenure; No online security,Offer incentive to move to a longer-term contract; Bundle online security with retention offer; Trigger new-customer onboarding outreach,6,Month-to-month,DSL,Credit card (automatic),49.5,312.7
1989-PRJHP,1,1,0.5195579045571586,Medium Risk,2377,Low Value,1234.9891391323658,Low,Month-to-month contract; Electronic check; Fiber optic service; No tech support,Offer incentive to move to a longer-term contract; Promote automatic payment enrollment; Offer discounted or trial tech support,27,Month-to-month,Fiber optic,Electronic check,75.5,1893.95
4003-FUSHP,0,0,0.211626770052694,Low Risk,5831,High Value,1233.9956961772587,Low,Month-to-month contract; No online security,Offer incentive to move to a longer-term contract; Bundle online security with retention offer,19,Month-to-month,DSL,Credit card (automatic),61.55,1093.2
9107-UKCKY,0,0,0.1917558210530169,Low Risk,6432,High Value,1233.3734410130046,Low,Electronic check; No tech support; No online security,Promote automatic payment enrollment; Offer discounted or trial tech support; Bundle online security with retention offer,61,One year,DSL,Electronic check,79.8,4914.8
8671-KKKOS,0,0,0.22134094154063,Low Risk,5565,High Value,1231.762339673606,Low,Month-to-month contract; Electronic check; No tech support,Offer incentive to move to a longer-term contract; Promote automatic payment enrollment; Offer discounted or trial tech support,46,Month-to-month,DSL,Electronic check,45.55,2062.15
7460-ITWWP,0,0,0.4544658583427277,Medium Risk,2701,Low Value,1227.5122833837074,Low,Month-to-month contract; Electronic check; Fiber optic service; No tech support,Offer incentive to move to a longer-term contract; Promote automatic payment enrollment; Offer discounted or trial tech support,45,Month-to-month,Fiber optic,Electronic check,86.1,3861.45
1816-FLZDK,0,0,0.3122175593722369,Medium Risk,3923,Low Value,1224.8294854172852,Low,Month-to-month contract; Short tenure; No online security,Offer incentive to move to a longer-term contract; Bundle online security with retention offer; Trigger new-customer onboarding outreach,1,Month-to-month,DSL,Mailed check,29.15,29.15
0730-KOAVE,0,0,0.2900016053009803,Low Risk,4219,Medium Value,1223.5167727648359,Low,Month-to-month contract; Fiber optic service; No tech support; High monthly charges,Offer incentive to move to a longer-term contract; Offer discounted or trial tech support; Review plan pricing or offer loyalty discount,30,Month-to-month,Fiber optic,Credit card (automatic),94.3,2679.7
6048-QBXKL,0,1,0.5911838202244186,Medium Risk,2069,Low Value,1223.1593240443221,Low,Month-to-month contract; Short tenure; No tech support; No online security,Offer incentive to move to a longer-term contract; Offer discounted or trial tech support; Bundle online security with retention offer,2,Month-to-month,DSL,Credit card (automatic),56.55,118.25
2522-AHJXR,0,0,0.2808203605966536,Low Risk,4350,Medium Value,1221.5685685954431,Low,Month-to-month contract; Fiber optic service; High monthly charges,Offer incentive to move to a longer-term contract; Review plan pricing or offer loyalty discount,60,Month-to-month,Fiber optic,Bank transfer (automatic),109.45,6572.85
8993-PHFWD,1,1,0.5835096905071073,Medium Risk,2088,Low Value,1218.36823377884,Low,Month-to-month contract; Short tenure; Electronic check; No tech support,Offer incentive to move to a longer-term contract; Promote automatic payment enrollment; Offer discounted or trial tech support,3,Month-to-month,DSL,Electronic check,25.25,58.9
5609-IMCGG,0,0,0.3672094275230704,Medium Risk,3314,Low Value,1216.9320428114554,Low,Month-to-month contract; Fiber optic service; No tech support,Offer incentive to move to a longer-term contract; Offer discounted or trial tech support,15,Month-to-month,Fiber optic,Credit card (automatic),84.35,1302.65
6257-RJOHI,0,0,0.2686802373878827,Low Risk,4521,Medium Value,1214.7033532306177,Low,Month-to-month contract; Short tenure; No online security,Offer incentive to move to a longer-term contract; Bundle online security with retention offer; Trigger new-customer onboarding outreach,4,Month-to-month,DSL,Mailed check,50.8,202.3
2778-OCLGR,1,0,0.2643872091591087,Low Risk,4591,Medium Value,1213.801677249468,Low,Month-to-month contract; No tech support,Offer incentive to move to a longer-term contract; Offer discounted or trial tech support,24,Month-to-month,DSL,Bank transfer (automatic),39.1,971.3
1444-VVSGW,1,0,0.2179700400565483,Low Risk,5563,High Value,1212.567332834578,Low,Fiber optic service; High monthly charges,Review plan pricing or offer loyalty discount,70,One year,Fiber optic,Credit card (automatic),115.65,7968.85
5533-RJFTJ,0,0,0.2310522826557105,Low Risk,5214,High Value,1204.7066017668747,Low,Month-to-month contract; No tech support; No online security,Offer incentive to move to a longer-term contract; Offer discounted or trial tech support; Bundle online security with retention offer,49,Month-to-month,DSL,Bank transfer (automatic),30.2,1453.1
4753-PADAS,0,0,0.2390521338432093,Low Risk,5027,Medium Value,1201.7150768298131,Low,Fiber optic service; No tech support; No online security; High monthly charges,Offer discounted or trial tech support; Bundle online security with retention offer; Review plan pricing or offer loyalty discount,67,One year,Fiber optic,Bank transfer (automatic),105.7,6816.95
9972-VAFJJ,0,0,0.1887267186006248,Low Risk,6355,High Value,1199.3582967069706,Low,Electronic check; Fiber optic service; No online security; High monthly charges,Promote automatic payment enrollment; Bundle online security with retention offer; Review plan pricing or offer loyalty discount,53,One year,Fiber optic,Electronic check,94.0,4871.45
7251-LJBQN,0,0,0.3342496834325203,Medium Risk,3568,Low Value,1192.6028704872324,Low,Fiber optic service; No online security; High monthly charges,Bundle online security with retention offer; Review plan pricing or offer loyalty discount,40,One year,Fiber optic,Credit card (automatic),103.75,4188.4
1559-DTODC,0,0,0.3141072208536702,Medium Risk,3784,Low Value,1188.581723710288,Low,Month-to-month contract; No tech support; No online security,Offer incentive to move to a longer-term contract; Offer discounted or trial tech support; Bundle online security with retention offer,19,Month-to-month,DSL,Bank transfer (automatic),25.15,468.35
3313-QKNKB,1,0,0.1884749394991818,Low Risk,6304,High Value,1188.1460186028419,Low,Electronic check; Fiber optic service; No tech support; No online security,Promote automatic payment enrollment; Offer discounted or trial tech support; Bundle online security with retention offer,59,One year,Fiber optic,Electronic check,85.55,5084.65
3413-CSSTH,0,0,0.212519354610953,Low Risk,5590,High Value,1187.9831922752273,Low,Month-to-month contract; No tech support; No online security,Offer incentive to move to a longer-term contract; Offer discounted or trial tech support; Bundle online security with retention offer,41,Month-to-month,DSL,Bank transfer (automatic),55.7,2237.55
2391-SOORI,1,0,0.2016748903870899,Low Risk,5858,High Value,1181.4115078875727,Low,Month-to-month contract; Short tenure; Electronic check; No tech support,Offer incentive to move to a longer-term contract; Promote automatic payment enrollment; Offer discounted or trial tech support,4,Month-to-month,DSL,Electronic check,49.35,219.65
5438-QMDDL,0,0,0.3223478791125017,Medium Risk,3652,Low Value,1177.2144545188562,Low,Month-to-month contract; No tech support; No online security,Offer incentive to move to a longer-term contract; Offer discounted or trial tech support; Bundle online security with retention offer,19,Month-to-month,DSL,Mailed check,59.8,1130.85
8620-RJPZN,0,0,0.3844335389487272,Medium Risk,3061,Low Value,1176.751062722054,Low,Month-to-month contract; Short tenure; Electronic check,Offer incentive to move to a longer-term contract; Promote automatic payment enrollment; Trigger new-customer onboarding outreach,1,Month-to-month,No,Electronic check,20.7,20.7
2501-XWWTZ,0,0,0.4637688985702698,Medium Risk,2535,Low Value,1175.654157875634,Low,Month-to-month contract; Electronic check; Fiber optic service; No tech support,Offer incentive to move to a longer-term contract; Promote automatic payment enrollment; Offer discounted or trial tech support,11,Month-to-month,Fiber optic,Electronic check,70.2,760.05
9389-ACWBI,0,0,0.304492427792627,Medium Risk,3850,Low Value,1172.2958470016138,Low,Month-to-month contract; Short tenure; Fiber optic service; No tech support,Offer incentive to move to a longer-term contract; Offer discounted or trial tech support; Bundle online security with retention offer,5,Month-to-month,Fiber optic,Credit card (automatic),69.95,320.4
1465-LNTLJ,0,0,0.258021645362001,Low Risk,4537,Medium Value,1170.6442050073986,Low,Month-to-month contract; No online security,Offer incentive to move to a longer-term contract; Bundle online security with retention offer,8,Month-to-month,DSL,Credit card (automatic),64.4,581.7
6234-PFPXL,0,0,0.3642811235608499,Medium Risk,3207,Low Value,1168.2495632596456,Low,Month-to-month contract; Fiber optic service; High monthly charges,Offer incentive to move to a longer-term contract; Review plan pricing or offer loyalty discount,22,Month-to-month,Fiber optic,Credit card (automatic),95.9,2234.95
8450-JOVAH,1,0,0.2098635543545426,Low Risk,5560,High Value,1166.8413622112569,Low,Month-to-month contract; Short tenure; No tech support,Offer incentive to move to a longer-term contract; Offer discounted or trial tech support; Trigger new-customer onboarding outreach,2,Month-to-month,DSL,Mailed check,56.7,113.55
6270-OMFIW,1,0,0.2333914215801509,Low Risk,4990,Medium Value,1164.6231936849529,Low,Electronic check; Fiber optic service; No tech support; No online security,Promote automatic payment enrollment; Offer discounted or trial tech support; Bundle online security with retention offer,60,One year,Fiber optic,Electronic check,94.4,5610.25
2257-BOVXD,0,0,0.3295447210212184,Medium Risk,3516,Low Value,1158.679239110604,Low,Month-to-month contract; No online security,Offer incentive to move to a longer-term contract; Bundle online security with retention offer,14,Month-to-month,DSL,Credit card (automatic),66.6,979.5
6198-PNNSZ,0,0,0.2049376015589408,Low Risk,5648,High Value,1157.4875736048978,Low,Fiber optic service; No tech support; High monthly charges,Offer discounted or trial tech support; Review plan pricing or offer loyalty discount,56,One year,Fiber optic,Bank transfer (automatic),109.8,6109.65
1205-WNWPJ,1,0,0.2476117284063441,Low Risk,4661,Medium Value,1154.1182661019698,Low,Month-to-month contract; No online security,Offer incentive to move to a longer-term contract; Bundle online security with retention offer,7,Month-to-month,DSL,Mailed check,59.5,415.95
5140-FOMCQ,0,0,0.2223691506323345,Low Risk,5186,High Value,1153.2064151792868,Low,Fiber optic service; No tech support; High monthly charges,Offer discounted or trial tech support; Review plan pricing or offer loyalty discount,59,One year,Fiber optic,Credit card (automatic),109.15,6557.75
5136-RGMZO,0,0,0.2584326125315639,Low Risk,4443,Medium Value,1148.2160974777385,Low,Month-to-month contract; Electronic check; No online security,Offer incentive to move to a longer-term contract; Promote automatic payment enrollment; Bundle online security with retention offer,31,Month-to-month,DSL,Electronic check,71.05,2168.15
2323-ARSVR,0,0,0.1879438078981453,Low Risk,6103,High Value,1147.0210596023808,Low,Electronic check; Fiber optic service; High monthly charges,Promote automatic payment enrollment; Review plan pricing or offer loyalty discount,67,Two year,Fiber optic,Electronic check,111.05,7321.05
7124-UGSUR,1,0,0.258054148940347,Low Risk,4412,Medium Value,1138.534905124811,Low,Fiber optic service; No tech support; No online security; High monthly charges,Offer discounted or trial tech support; Bundle online security with retention offer; Review plan pricing or offer loyalty discount,61,One year,Fiber optic,Credit card (automatic),104.4,6405.0
5461-QKNTN,0,1,0.5573017501477939,Medium Risk,2040,Low Value,1136.8955703014997,Low,Month-to-month contract; Electronic check; Fiber optic service; No online security,Offer incentive to move to a longer-term contract; Promote automatic payment enrollment; Bundle online security with retention offer,43,Month-to-month,Fiber optic,Electronic check,94.3,3953.15
1051-GEJLJ,0,0,0.2346991098818057,Low Risk,4836,Medium Value,1135.0048953884125,Low,Month-to-month contract; Short tenure,Offer incentive to move to a longer-term contract; Trigger new-customer onboarding outreach,2,Month-to-month,No,Mailed check,19.5,27.55
1360-JYXKQ,0,0,0.2745677279429519,Low Risk,4118,Medium Value,1130.6699036690761,Low,Electronic check; Fiber optic service; No online security; High monthly charges,Promote automatic payment enrollment; Bundle online security with retention offer; Review plan pricing or offer loyalty discount,54,One year,Fiber optic,Electronic check,99.1,5437.1
9374-YOLBJ,0,1,0.5500948074583917,Medium Risk,2053,Low Value,1129.344639712078,Low,Month-to-month contract; Short tenure; Electronic check,Offer incentive to move to a longer-term contract; Promote automatic payment enrollment; Trigger new-customer onboarding outreach,1,Month-to-month,No,Electronic check,19.25,19.25
6543-CPZMK,1,0,0.4385983778396211,Medium Risk,2573,Low Value,1128.513626181345,Low,Month-to-month contract; Electronic check; No tech support; No online security,Offer incentive to move to a longer-term contract; Promote automatic payment enrollment; Offer discounted or trial tech support,9,Month-to-month,DSL,Electronic check,29.95,248.95
9537-VHDTA,0,0,0.3040948816697105,Medium Risk,3699,Low Value,1124.8469672962592,Low,Month-to-month contract; Short tenure; No tech support,Offer incentive to move to a longer-term contract; Offer discounted or trial tech support; Trigger new-customer onboarding outreach,1,Month-to-month,DSL,Mailed check,51.2,51.2
3466-WAESX,0,0,0.2174400146787803,Low Risk,5172,High Value,1124.5997559186517,Low,Month-to-month contract; Electronic check; No tech support,Offer incentive to move to a longer-term contract; Promote automatic payment enrollment; Offer discounted or trial tech support,16,Month-to-month,DSL,Electronic check,69.1,1083.7
9576-SYUHJ,0,0,0.3515484794474485,Medium Risk,3194,Low Value,1122.8458433551505,Low,Month-to-month contract; Electronic check; Fiber optic service; No tech support,Offer incentive to move to a longer-term contract; Promote automatic payment enrollment; Offer discounted or trial tech support,37,Month-to-month,Fiber optic,Electronic check,91.15,3369.25
2252-JHJGE,0,0,0.2572400269318924,Low Risk,4344,Medium Value,1117.4506769921406,Low,Electronic check; Fiber optic service; No tech support; High monthly charges,Promote automatic payment enrollment; Offer discounted or trial tech support; Review plan pricing or offer loyalty discount,61,One year,Fiber optic,Electronic check,104.0,6363.45
8455-HIRAQ,0,0,0.2272157236058428,Low Risk,4909,Medium Value,1115.4019871810824,Low,Month-to-month contract; No tech support; No online security,Offer incentive to move to a longer-term contract; Offer discounted or trial tech support; Bundle online security with retention offer,8,Month-to-month,DSL,Mailed check,44.45,369.3
8728-SKJLR,0,0,0.3399692776295504,Medium Risk,3277,Low Value,1114.0793227920367,Low,Month-to-month contract; Electronic check; Fiber optic service; No online security,Offer incentive to move to a longer-term contract; Promote automatic payment enrollment; Bundle online security with retention offer,41,Month-to-month,Fiber optic,Electronic check,74.25,3089.1
3331-HQDTW,1,0,0.3263339776947417,Medium Risk,3410,Low Value,1112.7988639390692,Low,Month-to-month contract; Fiber optic service; No tech support; High monthly charges,Offer incentive to move to a longer-term contract; Offer discounted or trial tech support; Review plan pricing or offer loyalty discount,34,Month-to-month,Fiber optic,Mailed check,109.8,3587.25
9139-WQQDY,1,0,0.2621489539918394,Low Risk,4235,Medium Value,1110.20082015544,Low,Fiber optic service; No tech support; No online security; High monthly charges,Offer discounted or trial tech support; Bundle online security with retention offer; Review plan pricing or offer loyalty discount,49,One year,Fiber optic,Mailed check,100.45,4941.8
1436-ZMJAN,0,0,0.4065627872284332,Medium Risk,2709,Low Value,1101.3785906018256,Low,Month-to-month contract; No tech support; No online security,Offer incentive to move to a longer-term contract; Offer discounted or trial tech support; Bundle online security with retention offer,10,Month-to-month,DSL,Credit card (automatic),67.8,653.15
2070-FNEXE,1,0,0.2491992626356129,Low Risk,4419,Medium Value,1101.2115415867734,Low,Month-to-month contract; Fiber optic service; No tech support,Offer incentive to move to a longer-term contract; Offer discounted or trial tech support,7,Month-to-month,Fiber optic,Bank transfer (automatic),76.45,503.6
8849-GYOKR,1,0,0.2242017506982931,Low Risk,4893,Medium Value,1097.0191661667482,Low,Fiber optic service; No tech support; High monthly charges,Offer discounted or trial tech support; Review plan pricing or offer loyalty discount,54,One year,Fiber optic,Bank transfer (automatic),106.55,5763.3
7036-TYDEC,0,0,0.1854580317793405,Low Risk,5902,High Value,1094.5733035616677,Low,Electronic check; Fiber optic service; No online security; High monthly charges,Promote automatic payment enrollment; Bundle online security with retention offer; Review plan pricing or offer loyalty discount,69,Two year,Fiber optic,Electronic check,104.0,7028.5
5402-HTOTQ,0,0,0.2902157502409609,Low Risk,3771,Low Value,1094.4035941586635,Low,Month-to-month contract; Electronic check; No tech support; No online security,Offer incentive to move to a longer-term contract; Promote automatic payment enrollment; Offer discounted or trial tech support,16,Month-to-month,DSL,Electronic check,55.3,875.35
2309-OSFEU,1,0,0.4326825038726175,Medium Risk,2529,Low Value,1094.2540522938496,Low,Month-to-month contract; No tech support; No online security,Offer incentive to move to a longer-term contract; Offer discounted or trial tech support; Bundle online security with retention offer,10,Month-to-month,DSL,Mailed check,33.9,298.45
2955-PSXOE,1,0,0.356572842515688,Medium Risk,3061,Low Value,1091.469470940521,Low,Month-to-month contract; Short tenure,Offer incentive to move to a longer-term contract; Trigger new-customer onboarding outreach,1,Month-to-month,No,Bank transfer (automatic),20.2,20.2
5198-EFNBM,0,0,0.1934720393330329,Low Risk,5636,High Value,1090.4084136809734,Low,Electronic check; Fiber optic service; No tech support; No online security,Promote automatic payment enrollment; Offer discounted or trial tech support; Bundle online security with retention offer,57,One year,Fiber optic,Electronic check,90.65,5199.8
2139-FQHLM,0,0,0.3196256792853746,Medium Risk,3402,Low Value,1087.3665609288444,Low,Month-to-month contract; Fiber optic service; No online security; High monthly charges,Offer incentive to move to a longer-term contract; Bundle online security with retention offer; Review plan pricing or offer loyalty discount,19,Month-to-month,Fiber optic,Mailed check,89.95,1682.4
9450-TRJUU,0,0,0.4643953027823135,Medium Risk,2332,Low Value,1082.969846088355,Low,Month-to-month contract; Electronic check; Fiber optic service; No tech support,Offer incentive to move to a longer-term contract; Promote automatic payment enrollment; Offer discounted or trial tech support,35,Month-to-month,Fiber optic,Electronic check,83.15,2848.45
1530-ZTDOZ,0,0,0.1945111289395364,Low Risk,5565,High Value,1082.4544325485201,Low,Month-to-month contract; No tech support,Offer incentive to move to a longer-term contract; Offer discounted or trial tech support,49,Month-to-month,DSL,Bank transfer (automatic),40.65,2070.75
4396-KLSEH,0,0,0.1819542885008415,Low Risk,5918,High Value,1076.80547934798,Low,Month-to-month contract; Short tenure; Electronic check,Offer incentive to move to a longer-term contract; Promote automatic payment enrollment; Trigger new-customer onboarding outreach,4,Month-to-month,No,Electronic check,19.85,63.0
5469-CTCWN,1,0,0.2473989927762832,Low Risk,4334,Medium Value,1072.2272346924112,Low,Electronic check; Fiber optic service; No tech support; High monthly charges,Promote automatic payment enrollment; Offer discounted or trial tech support; Review plan pricing or offer loyalty discount,61,One year,Fiber optic,Electronic check,106.0,6547.7
3756-VNWDH,0,0,0.2453372922267178,Low Risk,4368,Medium Value,1071.6332924463034,Low,Electronic check; Fiber optic service; No tech support; High monthly charges,Promote automatic payment enrollment; Offer discounted or trial tech support; Review plan pricing or offer loyalty discount,65,One year,Fiber optic,Electronic check,100.75,6674.65
2828-SLQPF,0,0,0.236686881463351,Low Risk,4519,Medium Value,1069.5880173328833,Low,Month-to-month contract; No tech support; No online security,Offer incentive to move to a longer-term contract; Offer discounted or trial tech support; Bundle online security with retention offer,19,Month-to-month,DSL,Bank transfer (automatic),45.0,865.85
2750-BJLSB,0,0,0.235070702071448,Low Risk,4543,Medium Value,1067.9261995105883,Low,Electronic check; Fiber optic service; High monthly charges,Promote automatic payment enrollment; Review plan pricing or offer loyalty discount,47,One year,Fiber optic,Electronic check,103.7,4730.6
4402-FTBXC,0,0,0.2137250306453685,Low Risk,4980,Medium Value,1064.3506526139352,Low,Month-to-month contract; Fiber optic service; No tech support,Offer incentive to move to a longer-term contract; Offer discounted or trial tech support,54,Month-to-month,Fiber optic,Mailed check,89.8,4667.0
3794-NFNCH,0,0,0.2250087060239717,Low Risk,4715,Medium Value,1060.9160489030264,Low,Month-to-month contract; No tech support; No online security,Offer incentive to move to a longer-term contract; Offer discounted or trial tech support; Bundle online security with retention offer,30,Month-to-month,DSL,Mailed check,50.0,1474.9
3865-ZYKAD,0,0,0.2355337868184654,Low Risk,4503,Medium Value,1060.6086420435497,Low,Month-to-month contract; Fiber optic service; No tech support,Offer incentive to move to a longer-term contract; Offer discounted or trial tech support,69,Month-to-month,Fiber optic,Credit card (automatic),84.9,5785.65
7134-MJPDY,0,0,0.1900301131389456,Low Risk,5569,High Value,1058.2777000707881,Low,Fiber optic service; No online security; High monthly charges,Bundle online security with retention offer; Review plan pricing or offer loyalty discount,66,One year,Fiber optic,Credit card (automatic),102.85,6976.75
1809-DMJHQ,1,0,0.2175946417164582,Low Risk,4846,Medium Value,1054.4636337579564,Low,Month-to-month contract; Short tenure; No tech support; No online security,Offer incentive to move to a longer-term contract; Offer discounted or trial tech support; Bundle online security with retention offer,5,Month-to-month,DSL,Mailed check,46.0,221.7
1346-PJWTK,0,0,0.2191953007113728,Low Risk,4806,Medium Value,1053.4526152188578,Low,Month-to-month contract; Fiber optic service; No online security; High monthly charges,Offer incentive to move to a longer-term contract; Bundle online security with retention offer; Review plan pricing or offer loyalty discount,61,Month-to-month,Fiber optic,Credit card (automatic),94.15,5731.85
9122-UMROB,0,0,0.246669691652252,Low Risk,4270,Medium Value,1053.279583355116,Low,Month-to-month contract; Short tenure,Offer incentive to move to a longer-term contract; Trigger new-customer onboarding outreach,1,Month-to-month,No,Mailed check,20.3,20.3
8601-QACRS,1,0,0.4470858019375121,Medium Risk,2353,Low Value,1051.9928919589659,Low,Month-to-month contract; Short tenure; No tech support; No online security,Offer incentive to move to a longer-term contract; Offer discounted or trial tech support; Bundle online security with retention offer,5,Month-to-month,DSL,Mailed check,50.6,249.95
6331-LWDTQ,1,0,0.4279908616160527,Medium Risk,2457,Low Value,1051.5735469906415,Low,Month-to-month contract; No tech support; No online security,Offer incentive to move to a longer-term contract; Offer discounted or trial tech support; Bundle online security with retention offer,10,Month-to-month,DSL,Credit card (automatic),72.15,794.25
3237-AJGEH,1,0,0.2035368920469464,Low Risk,5122,High Value,1042.5159610644594,Low,Month-to-month contract; Short tenure; No online security,Offer incentive to move to a longer-term contract; Bundle online security with retention offer; Trigger new-customer onboarding outreach,3,Month-to-month,DSL,Mailed check,31.0,95.05
6968-MHOMU,0,0,0.2079792772290784,Low Risk,5006,Medium Value,1041.1442618087665,Low,No tech support; No online security,Offer discounted or trial tech support; Bundle online security with retention offer,58,One year,DSL,Credit card (automatic),45.0,2689.35
2308-STERM,0,0,0.1788789354150642,Low Risk,5816,High Value,1040.3598883740133,Low,Month-to-month contract; Short tenure,Offer incentive to move to a longer-term contract; Trigger new-customer onboarding outreach,2,Month-to-month,No,Mailed check,19.4,61.05
1541-ETJZO,1,0,0.354130368568536,Medium Risk,2937,Low Value,1040.0808924857904,Low,Month-to-month contract; Short tenure; No online security,Offer incentive to move to a longer-term contract; Bundle online security with retention offer; Trigger new-customer onboarding outreach,1,Month-to-month,DSL,Mailed check,62.05,62.05
4619-EVPHY,0,0,0.277147948634339,Low Risk,3748,Low Value,1038.7505114815026,Low,Fiber optic service; No tech support; No online security; High monthly charges,Offer discounted or trial tech support; Bundle online security with retention offer; Review plan pricing or offer loyalty discount,20,One year,Fiber optic,Bank transfer (automatic),91.0,1859.5
7504-UWHNB,0,0,0.3355671316039927,Medium Risk,3080,Low Value,1033.5467653402975,Low,Month-to-month contract; Electronic check; Fiber optic service; No tech support,Offer incentive to move to a longer-term contract; Promote automatic payment enrollment; Offer discounted or trial tech support,25,Month-to-month,Fiber optic,Electronic check,69.75,1729.35
6898-MDLZW,0,0,0.1915402375552387,Low Risk,5385,High Value,1031.4441792349603,Low,Month-to-month contract; No online security,Offer incentive to move to a longer-term contract; Bundle online security with retention offer,12,Month-to-month,DSL,Mailed check,53.75,648.65
6034-YMTOB,0,0,0.4476969975535905,Medium Risk,2296,Low Value,1027.9123063830439,Low,Month-to-month contract; Short tenure; Fiber optic service; No online security,Offer incentive to move to a longer-term contract; Bundle online security with retention offer; Trigger new-customer onboarding outreach,5,Month-to-month,Fiber optic,Mailed check,75.65,399.45
4905-JEFDW,1,0,0.3289042466120198,Medium Risk,3119,Low Value,1025.8523451828896,Low,Electronic check; No tech support; No online security,Promote automatic payment enrollment; Offer discounted or trial tech support; Bundle online security with retention offer,11,One year,DSL,Electronic check,41.6,470.6
3680-CTHUH,0,0,0.1802740918078241,Low Risk,5680,High Value,1023.956841468441,Low,Fiber optic service; High monthly charges,Review plan pricing or offer loyalty discount,60,One year,Fiber optic,Credit card (automatic),116.6,7049.5
7503-QQRVF,1,0,0.4911989893641408,Medium Risk,2076,Low Value,1019.7291019199563,Low,Month-to-month contract; Fiber optic service; No tech support; No online security,Offer incentive to move to a longer-term contract; Offer discounted or trial tech support; Bundle online security with retention offer,16,Month-to-month,Fiber optic,Credit card (automatic),74.3,1178.25
4226-KKDON,0,0,0.2671639571476232,Low Risk,3804,Low Value,1016.2916929895587,Low,Month-to-month contract; Electronic check; No online security,Offer incentive to move to a longer-term contract; Promote automatic payment enrollment; Bundle online security with retention offer,8,Month-to-month,DSL,Electronic check,66.65,520.95
4695-VADHF,1,0,0.3382497856971561,Medium Risk,2989,Low Value,1011.0286094487996,Low,Month-to-month contract; Electronic check; No tech support; No online security,Offer incentive to move to a longer-term contract; Promote automatic payment enrollment; Offer discounted or trial tech support,18,Month-to-month,DSL,Electronic check,57.45,990.85
0447-BEMNG,1,0,0.2048719819478948,Low Risk,4926,Medium Value,1009.1993830753298,Low,Month-to-month contract; No tech support,Offer incentive to move to a longer-term contract; Offer discounted or trial tech support,48,Month-to-month,DSL,Bank transfer (automatic),45.3,2145.0
1370-GGAWX,0,0,0.2553645918475389,Low Risk,3924,Low Value,1002.0506584097426,Low,Electronic check; Fiber optic service; No tech support; No online security,Promote automatic payment enrollment; Offer discounted or trial tech support; Bundle online security with retention offer,46,One year,Fiber optic,Electronic check,94.15,4408.45
8805-JNRAZ,0,0,0.4275699964209675,Medium Risk,2342,Low Value,1001.3689316179059,Low,Month-to-month contract; Short tenure; No tech support; No online security,Offer incentive to move to a longer-term contract; Offer discounted or trial tech support; Bundle online security with retention offer,2,Month-to-month,DSL,Mailed check,49.2,103.7
5921-NGYRH,0,0,0.1992338164443051,Low Risk,5018,Medium Value,999.755290917523,Low,Month-to-month contract; Fiber optic service; No tech support,Offer incentive to move to a longer-term contract; Offer discounted or trial tech support,64,Month-to-month,Fiber optic,Mailed check,73.55,4764.0
5360-LJCNJ,0,0,0.1747857430453194,Low Risk,5707,High Value,997.5022355596378,Low,Fiber optic service; No tech support; No online security; High monthly charges,Offer discounted or trial tech support; Bundle online security with retention offer; Review plan pricing or offer loyalty discount,71,Two year,Fiber optic,Bank transfer (automatic),105.15,7555.0
7663-CUXZB,0,0,0.1592402430899299,Low Risk,6251,High Value,995.4107595551518,Low,Electronic check; Fiber optic service; High monthly charges,Promote automatic payment enrollment; Review plan pricing or offer loyalty discount,59,Two year,Fiber optic,Electronic check,113.75,6561.25
6047-YHPVI,1,0,0.4052744594042714,Medium Risk,2454,Low Value,994.5435233780821,Low,Month-to-month contract; Short tenure; Electronic check; Fiber optic service,Offer incentive to move to a longer-term contract; Promote automatic payment enrollment; Offer discounted or trial tech support,5,Month-to-month,Fiber optic,Electronic check,69.7,316.9
9103-TCIHJ,1,0,0.2194675221856278,Low Risk,4519,Medium Value,991.7737327568519,Low,Month-to-month contract; No tech support,Offer incentive to move to a longer-term contract; Offer discounted or trial tech support,15,Month-to-month,DSL,Mailed check,55.7,899.8
2587-EKXTS,0,0,0.34775229421621,Medium Risk,2827,Low Value,983.0957357492257,Low,Month-to-month contract; Electronic check; Fiber optic service; No tech support,Offer incentive to move to a longer-term contract; Promote automatic payment enrollment; Offer discounted or trial tech support,44,Month-to-month,Fiber optic,Electronic check,111.5,4915.15
5630-AHZIL,0,0,0.1748210805442674,Low Risk,5613,High Value,981.2707250949729,Low,Month-to-month contract; Short tenure,Offer incentive to move to a longer-term contract; Trigger new-customer onboarding outreach,3,Month-to-month,DSL,Bank transfer (automatic),64.5,177.4
6729-GDNGC,0,0,0.3153660575055241,Medium Risk,3111,Low Value,981.1038048996854,Low,Month-to-month contract; Fiber optic service; No tech support; No online security,Offer incentive to move to a longer-term contract; Offer discounted or trial tech support; Bundle online security with retention offer,20,Month-to-month,Fiber optic,Bank transfer (automatic),80.7,1614.2
3594-KADLU,0,0,0.271164182854263,Low Risk,3610,Low Value,978.9027001038895,Low,Month-to-month contract; Short tenure,Offer incentive to move to a longer-term contract; Trigger new-customer onboarding outreach,3,Month-to-month,DSL,Mailed check,35.1,101.1
9931-KGHOA,0,0,0.1650776945835773,Low Risk,5928,High Value,978.5805734914462,Low,Month-to-month contract; No tech support,Offer incentive to move to a longer-term contract; Offer discounted or trial tech support,46,Month-to-month,DSL,Bank transfer (automatic),55.0,2473.95
7055-HNEOJ,0,0,0.3670419472205279,Medium Risk,2662,Low Value,977.0656635010453,Low,Month-to-month contract; Short tenure; No online security,Offer incentive to move to a longer-term contract; Bundle online security with retention offer; Trigger new-customer onboarding outreach,3,Month-to-month,DSL,Mailed check,55.8,154.55
3069-SSVSN,0,0,0.2179756166891894,Low Risk,4467,Medium Value,973.6970797506091,Low,Short tenure; No tech support; No online security,Offer discounted or trial tech support; Bundle online security with retention offer; Trigger new-customer onboarding outreach,1,One year,DSL,Mailed check,25.85,25.85
0742-MOABM,1,0,0.2862215453957416,Low Risk,3394,Low Value,971.4359250731469,Low,Month-to-month contract; Short tenure; No online security,Offer incentive to move to a longer-term contract; Bundle online security with retention offer; Trigger new-customer onboarding outreach,4,Month-to-month,DSL,Mailed check,50.05,179.35
2692-PFYTJ,0,0,0.3739790214788644,Medium Risk,2569,Low Value,960.7521061792027,Low,Month-to-month contract; Short tenure,Offer incentive to move to a longer-term contract; Trigger new-customer onboarding outreach,1,Month-to-month,No,Mailed check,25.75,25.75
6711-VTNRE,1,0,0.3739802201035456,Medium Risk,2558,Low Value,956.6414030248696,Low,Month-to-month contract; Electronic check; Fiber optic service; No online security,Offer incentive to move to a longer-term contract; Promote automatic payment enrollment; Bundle online security with retention offer,36,Month-to-month,Fiber optic,Electronic check,87.55,3078.1
3018-TFTSU,1,0,0.3356192554374011,Medium Risk,2850,Low Value,956.5148779965932,Low,Month-to-month contract; Fiber optic service; No tech support,Offer incentive to move to a longer-term contract; Offer discounted or trial tech support,12,Month-to-month,Fiber optic,Bank transfer (automatic),81.7,858.6
0719-SYFRB,1,0,0.1676539147293502,Low Risk,5670,High Value,950.5976965154157,Low,Month-to-month contract,Offer incentive to move to a longer-term contract,12,Month-to-month,DSL,Mailed check,61.65,713.75
7129-ACFOG,0,0,0.4311401828210912,Medium Risk,2182,Low Value,940.747878915621,Low,Month-to-month contract; Short tenure; Electronic check; No tech support,Offer incentive to move to a longer-term contract; Promote automatic payment enrollment; Offer discounted or trial tech support,5,Month-to-month,DSL,Electronic check,53.8,283.95
7879-CGSFV,0,0,0.1840954934747516,Low Risk,5101,High Value,939.0711122147079,Low,Fiber optic service; No tech support; High monthly charges,Offer discounted or trial tech support; Review plan pricing or offer loyalty discount,55,One year,Fiber optic,Mailed check,100.9,5552.05
0178-CIIKR,0,0,0.1571521513498693,Low Risk,5949,High Value,934.8981483803724,Low,Month-to-month contract; Short tenure,Offer incentive to move to a longer-term contract; Trigger new-customer onboarding outreach,3,Month-to-month,No,Mailed check,19.95,58.0
7855-DIWPO,0,0,0.4648474307860906,Medium Risk,2006,Low Value,932.4839461568977,Low,Month-to-month contract; Electronic check; Fiber optic service; No tech support,Offer incentive to move to a longer-term contract; Promote automatic payment enrollment; Offer discounted or trial tech support,21,Month-to-month,Fiber optic,Electronic check,68.65,1493.2
1087-UDSIH,1,0,0.1861631597273786,Low Risk,5000,Medium Value,930.815798636893,Low,Month-to-month contract; Short tenure,Offer incentive to move to a longer-term contract; Trigger new-customer onboarding outreach,3,Month-to-month,No,Mailed check,19.6,59.75
4627-MIHJH,0,0,0.1875672405956253,Low Risk,4948,Medium Value,928.0827064671539,Low,Fiber optic service; High monthly charges,Review plan pricing or offer loyalty discount,69,Two year,Fiber optic,Credit card (automatic),110.25,7467.55
9732-KPKBW,1,0,0.3338146164867436,Medium Risk,2771,Low Value,925.0003022847665,Low,Month-to-month contract; Short tenure; Electronic check,Offer incentive to move to a longer-term contract; Promote automatic payment enrollment; Trigger new-customer onboarding outreach,1,Month-to-month,DSL,Electronic check,53.95,53.95
7398-LXGYX,0,0,0.3336910498510161,Medium Risk,2770,Low Value,924.3242080873147,Low,Month-to-month contract; Fiber optic service; No tech support,Offer incentive to move to a longer-term contract; Offer discounted or trial tech support,44,Month-to-month,Fiber optic,Credit card (automatic),84.8,3626.35
6383-ZTSIW,0,0,0.2005807554353955,Low Risk,4599,Medium Value,922.4708942473839,Low,Fiber optic service; No tech support; High monthly charges,Offer discounted or trial tech support; Review plan pricing or offer loyalty discount,39,One year,Fiber optic,Mailed check,99.1,3877.95
7789-CRUVC,0,0,0.1738171296058119,Low Risk,5274,High Value,916.7115415410519,Low,Month-to-month contract; Fiber optic service; High monthly charges,Offer incentive to move to a longer-term contract; Review plan pricing or offer loyalty discount,61,Month-to-month,Fiber optic,Credit card (automatic),94.2,5895.45
4672-FOTSD,0,0,0.2102115259252378,Low Risk,4334,Medium Value,911.0567533599807,Low,Month-to-month contract; Electronic check,Offer incentive to move to a longer-term contract; Promote automatic payment enrollment,12,Month-to-month,DSL,Electronic check,67.25,832.3
8623-ULFNQ,0,0,0.2783126326668141,Low Risk,3225,Low Value,897.5582403504754,Low,Month-to-month contract; Electronic check; No online security,Offer incentive to move to a longer-term contract; Promote automatic payment enrollment; Bundle online security with retention offer,26,Month-to-month,DSL,Electronic check,66.05,1652.4
3569-EDBPQ,0,0,0.4078571085876021,Medium Risk,2198,Low Value,896.4699246755495,Low,Month-to-month contract; Electronic check; Fiber optic service,Offer incentive to move to a longer-term contract; Promote automatic payment enrollment,24,Month-to-month,Fiber optic,Electronic check,84.35,1938.05
5482-NUPNA,1,0,0.1555542757026859,Low Risk,5730,High Value,891.3259997763902,Low,Month-to-month contract; Short tenure,Offer incentive to move to a longer-term contract; Trigger new-customer onboarding outreach,4,Month-to-month,DSL,Mailed check,60.4,272.15
3179-GBRWV,0,0,0.1931765811544068,Low Risk,4604,Medium Value,889.384979634889,Low,Month-to-month contract; No tech support,Offer incentive to move to a longer-term contract; Offer discounted or trial tech support,21,Month-to-month,DSL,Bank transfer (automatic),64.95,1339.8
2165-VOEGB,1,0,0.2674264944051083,Low Risk,3322,Low Value,888.3908144137697,Low,Fiber optic service; High monthly charges,Review plan pricing or offer loyalty discount,46,One year,Fiber optic,Bank transfer (automatic),105.2,4822.85
2001-MCUUW,0,0,0.2104954614973206,Low Risk,4210,Medium Value,886.1858929037197,Low,Electronic check; Fiber optic service; No online security; High monthly charges,Promote automatic payment enrollment; Bundle online security with retention offer; Review plan pricing or offer loyalty discount,46,Two year,Fiber optic,Electronic check,108.65,4903.2
3896-RCYYE,0,0,0.1479270000274594,Low Risk,5990,High Value,886.0827301644817,Low,Month-to-month contract; No online security,Offer incentive to move to a longer-term contract; Bundle online security with retention offer,67,Month-to-month,DSL,Credit card (automatic),53.4,3579.15
1150-WFARN,1,0,0.1602723976088579,Low Risk,5516,High Value,884.0625452104601,Low,Fiber optic service; High monthly charges,Review plan pricing or offer loyalty discount,67,Two year,Fiber optic,Credit card (automatic),108.75,7156.2
1264-FUHCX,0,0,0.1492063971879016,Low Risk,5913,High Value,882.2574265720622,Low,No online security,Bundle online security with retention offer,49,One year,DSL,Credit card (automatic),56.3,2780.6
6022-UGGSO,1,0,0.421111973225684,Medium Risk,2091,Low Value,880.5451360149052,Low,Month-to-month contract; Electronic check; Fiber optic service; No tech support,Offer incentive to move to a longer-term contract; Promote automatic payment enrollment; Offer discounted or trial tech support,32,Month-to-month,Fiber optic,Electronic check,74.4,2276.95
6664-FPDAC,1,0,0.2150167301466721,Low Risk,4060,Medium Value,872.9679243954888,Low,Electronic check; Fiber optic service; No online security; High monthly charges,Promote automatic payment enrollment; Bundle online security with retention offer; Review plan pricing or offer loyalty discount,56,One year,Fiber optic,Electronic check,111.95,6418.9
7629-WIXZF,0,0,0.1823748740312717,Low Risk,4770,Medium Value,869.9281491291661,Low,Electronic check; No tech support,Promote automatic payment enrollment; Offer discounted or trial tech support,7,One year,DSL,Electronic check,59.1,369.25
1110-KYLGQ,0,0,0.1621256142112007,Low Risk,5331,High Value,864.2916493599109,Low,Month-to-month contract; Fiber optic service; No tech support; High monthly charges,Offer incentive to move to a longer-term contract; Offer discounted or trial tech support; Review plan pricing or offer loyalty discount,63,Month-to-month,Fiber optic,Credit card (automatic),108.25,6780.1
4079-VTGLK,0,0,0.1535686435432237,Low Risk,5610,High Value,861.5200902774849,Low,Electronic check; No tech support; No online security,Promote automatic payment enrollment; Offer discounted or trial tech support; Bundle online security with retention offer,30,Two year,DSL,Electronic check,74.85,2181.75
3094-JOJAI,0,0,0.3228408556895811,Medium Risk,2643,Low Value,853.2683815875629,Low,Month-to-month contract; Fiber optic service; No tech support; No online security,Offer incentive to move to a longer-term contract; Offer discounted or trial tech support; Bundle online security with retention offer,18,Month-to-month,Fiber optic,Mailed check,74.15,1387.0
1261-FWTTE,0,0,0.3685934660842369,Medium Risk,2307,Low Value,850.3451262563344,Low,Month-to-month contract; No tech support; No online security,Offer incentive to move to a longer-term contract; Offer discounted or trial tech support; Bundle online security with retention offer,23,Month-to-month,DSL,Bank transfer (automatic),34.65,768.45
7876-BEUTG,0,0,0.3281596853346552,Medium Risk,2577,Low Value,845.6675091074065,Low,Month-to-month contract; No tech support; No online security,Offer incentive to move to a longer-term contract; Offer discounted or trial tech support; Bundle online security with retention offer,15,Month-to-month,DSL,Mailed check,48.8,720.1
7410-KTVFV,1,0,0.3002963457478765,Medium Risk,2815,Low Value,845.3342132802724,Low,Month-to-month contract; No tech support; No online security,Offer incentive to move to a longer-term contract; Offer discounted or trial tech support; Bundle online security with retention offer,18,Month-to-month,DSL,Mailed check,49.55,878.35
8749-CLJXC,0,0,0.4077069614043447,Medium Risk,2067,Low Value,842.7302892227805,Low,Month-to-month contract; Short tenure,Offer incentive to move to a longer-term contract; Trigger new-customer onboarding outreach,1,Month-to-month,No,Mailed check,20.05,20.05
2001-EWBQU,0,0,0.1360071060252896,Low Risk,6186,High Value,841.3399578724415,Low,Electronic check; Fiber optic service; No tech support; No online security,Promote automatic payment enrollment; Offer discounted or trial tech support; Bundle online security with retention offer,60,Two year,Fiber optic,Electronic check,104.7,6333.8
9661-MHUMO,1,0,0.1877874308627239,Low Risk,4478,Medium Value,840.9121154032777,Low,Month-to-month contract; Short tenure; No online security,Offer incentive to move to a longer-term contract; Bundle online security with retention offer; Trigger new-customer onboarding outreach,1,Month-to-month,DSL,Credit card (automatic),49.25,49.25
9944-AEXBM,0,0,0.3517670422700868,Medium Risk,2383,Low Value,838.2608617296169,Low,Month-to-month contract; Fiber optic service; No tech support; No online security,Offer incentive to move to a longer-term contract; Offer discounted or trial tech support; Bundle online security with retention offer,32,Month-to-month,Fiber optic,Bank transfer (automatic),85.65,2664.3
4524-QCSSM,0,0,0.185741035176262,Low Risk,4512,Medium Value,838.0635507152941,Low,Month-to-month contract; No tech support,Offer incentive to move to a longer-term contract; Offer discounted or trial tech support,26,Month-to-month,DSL,Bank transfer (automatic),44.65,1156.55
1963-VAUKV,1,0,0.2285137859969439,Low Risk,3663,Low Value,837.0459981068055,Low,Month-to-month contract; Short tenure,Offer incentive to move to a longer-term contract; Trigger new-customer onboarding outreach,1,Month-to-month,No,Mailed check,20.4,20.4
0665-XHDJU,0,0,0.1388288991901878,Low Risk,6022,High Value,836.0276309233109,Low,Electronic check; Fiber optic service; No tech support; No online security,Promote automatic payment enrollment; Offer discounted or trial tech support; Bundle online security with retention offer,72,Two year,Fiber optic,Electronic check,99.4,7285.7
1575-KRZZE,0,0,0.2049761638941796,Low Risk,4042,Medium Value,828.513654460274,Low,Month-to-month contract; Short tenure; Electronic check; No tech support,Offer incentive to move to a longer-term contract; Promote automatic payment enrollment; Offer discounted or trial tech support,4,Month-to-month,DSL,Electronic check,55.2,220.65
4829-AUOAX,1,0,0.3044708613289413,Medium Risk,2712,Low Value,825.7249759240888,Low,Month-to-month contract; Fiber optic service; No tech support; No online security,Offer incentive to move to a longer-term contract; Offer discounted or trial tech support; Bundle online security with retention offer,46,Month-to-month,Fiber optic,Bank transfer (automatic),96.05,4399.5
5951-AOFIH,0,0,0.2139728023732128,Low Risk,3843,Low Value,822.2974795202568,Low,Month-to-month contract; No tech support; No online security,Offer incentive to move to a longer-term contract; Offer discounted or trial tech support; Bundle online security with retention offer,33,Month-to-month,DSL,Credit card (automatic),66.4,2245.4
1360-XFJMR,0,0,0.204507852191318,Low Risk,4017,Medium Value,821.5080422525244,Low,Fiber optic service; No online security; High monthly charges,Bundle online security with retention offer; Review plan pricing or offer loyalty discount,67,One year,Fiber optic,Credit card (automatic),109.7,7344.45
0870-VEMYL,1,0,0.1510003501489271,Low Risk,5435,High Value,820.6869030594188,Low,Month-to-month contract; Short tenure,Offer incentive to move to a longer-term contract; Trigger new-customer onboarding outreach,5,Month-to-month,DSL,Credit card (automatic),53.85,259.8
0365-TRTPY,0,0,0.1592299485087291,Low Risk,5135,High Value,817.6457855923239,Low,Month-to-month contract; Fiber optic service; No tech support; High monthly charges,Offer incentive to move to a longer-term contract; Offer discounted or trial tech support; Review plan pricing or offer loyalty discount,37,Month-to-month,Fiber optic,Bank transfer (automatic),91.2,3382.3
6075-QMNRR,0,0,0.1286723192445197,Low Risk,6334,High Value,815.0104700947877,Low,Month-to-month contract; No tech support,Offer incentive to move to a longer-term contract; Offer discounted or trial tech support,52,Month-to-month,DSL,Bank transfer (automatic),49.75,2535.55
9327-QSDED,0,0,0.2480308171312993,Low Risk,3266,Low Value,810.0686487508235,Low,Month-to-month contract; No tech support; No online security,Offer incentive to move to a longer-term contract; Offer discounted or trial tech support; Bundle online security with retention offer,8,Month-to-month,DSL,Mailed check,43.55,335.4
2720-FVBQP,0,0,0.2642594553363772,Low Risk,3061,Low Value,808.8981927846505,Low,Month-to-month contract; Short tenure; No tech support; No online security,Offer incentive to move to a longer-term contract; Offer discounted or trial tech support; Bundle online security with retention offer,6,Month-to-month,DSL,Credit card (automatic),48.95,273.25
9054-FOWNV,0,0,0.144366213613591,Low Risk,5585,High Value,806.2853030319058,Low,Month-to-month contract; Electronic check; Fiber optic service; No tech support,Offer incentive to move to a longer-term contract; Promote automatic payment enrollment; Offer discounted or trial tech support,22,Month-to-month,Fiber optic,Electronic check,88.75,1885.15
2700-LUEVA,0,0,0.2879689576905579,Low Risk,2791,Low Value,803.7213609143471,Low,Month-to-month contract; Short tenure,Offer incentive to move to a longer-term contract; Trigger new-customer onboarding outreach,1,Month-to-month,No,Credit card (automatic),20.75,20.75
2988-PLAHS,0,0,0.2917285875306712,Low Risk,2754,Low Value,803.4205300594685,Low,Short tenure; Electronic check; No tech support; No online security,Promote automatic payment enrollment; Offer discounted or trial tech support; Bundle online security with retention offer,3,One year,DSL,Electronic check,69.95,220.45
2972-YDYUW,0,0,0.178127710899646,Low Risk,4507,Medium Value,802.8215930247045,Low,Electronic check; Fiber optic service; No online security; High monthly charges,Promote automatic payment enrollment; Bundle online security with retention offer; Review plan pricing or offer loyalty discount,57,One year,Fiber optic,Electronic check,94.7,5468.95
4329-YPDDQ,0,0,0.3812048651721073,Medium Risk,2102,Low Value,801.2926265917695,Low,Month-to-month contract; Fiber optic service; High monthly charges,Offer incentive to move to a longer-term contract; Review plan pricing or offer loyalty discount,20,Month-to-month,Fiber optic,Bank transfer (automatic),108.2,2203.7
7534-BFESC,1,0,0.3961299608790021,Medium Risk,2018,Low Value,799.3902610538262,Low,Month-to-month contract; Electronic check; Fiber optic service; No tech support,Offer incentive to move to a longer-term contract; Promote automatic payment enrollment; Offer discounted or trial tech support,24,Month-to-month,Fiber optic,Electronic check,76.1,1712.7
7250-EQKIY,1,0,0.3289823538457058,Medium Risk,2426,Low Value,798.1111904296822,Low,Month-to-month contract; Short tenure; No tech support; No online security,Offer incentive to move to a longer-term contract; Offer discounted or trial tech support; Bundle online security with retention offer,1,Month-to-month,DSL,Mailed check,50.45,50.45
9378-FXTIZ,1,0,0.1725618781718064,Low Risk,4596,Medium Value,793.0943920776223,Low,No tech support; No online security,Offer discounted or trial tech support; Bundle online security with retention offer,54,One year,DSL,Credit card (automatic),70.15,3715.65
8582-KRHPJ,0,0,0.1403114636063235,Low Risk,5629,High Value,789.8132286399949,Low,Month-to-month contract; No tech support,Offer incentive to move to a longer-term contract; Offer discounted or trial tech support,50,Month-to-month,DSL,Mailed check,35.0,1782.4
1015-OWJKI,0,0,0.1495237039115325,Low Risk,5279,High Value,789.33563294898,Low,Month-to-month contract; Short tenure,Offer incentive to move to a longer-term contract; Trigger new-customer onboarding outreach,1,Month-to-month,No,Mailed check,19.05,19.05
3930-ZGWVE,0,0,0.3123466022831245,Medium Risk,2484,Low Value,775.8689600712812,Low,Month-to-month contract; Short tenure,Offer incentive to move to a longer-term contract; Trigger new-customer onboarding outreach,1,Month-to-month,No,Mailed check,19.75,19.75
6429-SHBCB,0,0,0.2293056375239837,Low Risk,3349,Low Value,767.9445800678214,Low,Month-to-month contract; No tech support; No online security,Offer incentive to move to a longer-term contract; Offer discounted or trial tech support; Bundle online security with retention offer,19,Month-to-month,DSL,Mailed check,69.6,1394.55
1194-SPVSP,0,0,0.2105168398877328,Low Risk,3625,Low Value,763.1235445930314,Low,Month-to-month contract; Short tenure,Offer incentive to move to a longer-term contract; Trigger new-customer onboarding outreach,1,Month-to-month,No,Bank transfer (automatic),19.65,19.65
8409-WQJUX,0,0,0.1708908840748399,Low Risk,4458,Medium Value,761.8315612056363,Low,Electronic check; No online security,Promote automatic payment enrollment; Bundle online security with retention offer,25,One year,DSL,Electronic check,54.2,1423.15
5022-JNQEQ,0,0,0.1562509721697066,Low Risk,4843,Medium Value,756.7234582178891,Low,Month-to-month contract; Electronic check; Fiber optic service; No online security,Offer incentive to move to a longer-term contract; Promote automatic payment enrollment; Bundle online security with retention offer,9,Month-to-month,Fiber optic,Electronic check,75.85,647.5
8819-ZBYNA,0,0,0.1528556436264843,Low Risk,4935,Medium Value,754.3426012967,Low,Fiber optic service; High monthly charges,Review plan pricing or offer loyalty discount,58,Two year,Fiber optic,Credit card (automatic),109.1,6393.65
2019-HDCZY,0,0,0.1874321588720187,Low Risk,4004,Medium Value,750.4783641235629,Low,Electronic check; Fiber optic service; No tech support; No online security,Promote automatic payment enrollment; Offer discounted or trial tech support; Bundle online security with retention offer,63,Two year,Fiber optic,Electronic check,102.6,6296.75
0440-UEDAI,0,0,0.1372119287720889,Low Risk,5452,High Value,748.0794356654287,Low,Fiber optic service; No online security; High monthly charges,Bundle online security with retention offer; Review plan pricing or offer loyalty discount,53,One year,Fiber optic,Credit card (automatic),94.45,5042.75
4075-JFPGR,0,0,0.134238410200677,Low Risk,5561,High Value,746.4997991259648,Low,Electronic check; Fiber optic service; No tech support; High monthly charges,Promote automatic payment enrollment; Offer discounted or trial tech support; Review plan pricing or offer loyalty discount,51,One year,Fiber optic,Electronic check,93.5,4619.55
2748-MYRVK,1,0,0.154814884741885,Low Risk,4776,Medium Value,739.3958895272428,Low,Fiber optic service; No tech support; No online security; High monthly charges,Offer discounted or trial tech support; Bundle online security with retention offer; Review plan pricing or offer loyalty discount,63,One year,Fiber optic,Bank transfer (automatic),99.9,6137.0
7957-RYHQD,1,0,0.2281150342289811,Low Risk,3207,Low Value,731.5649147723424,Low,Month-to-month contract; Fiber optic service; No tech support,Offer incentive to move to a longer-term contract; Offer discounted or trial tech support,40,Month-to-month,Fiber optic,Credit card (automatic),79.2,3233.85
4211-MMAZN,1,0,0.246669691652252,Low Risk,2959,Low Value,729.8956175990137,Low,Month-to-month contract; Short tenure,Offer incentive to move to a longer-term contract; Trigger new-customer onboarding outreach,1,Month-to-month,No,Mailed check,20.25,20.25
6854-EXGSF,0,0,0.2404132212281281,Low Risk,3033,Low Value,729.1732999849125,Low,Month-to-month contract; No tech support,Offer incentive to move to a longer-term contract; Offer discounted or trial tech support,8,Month-to-month,DSL,Bank transfer (automatic),65.5,573.15
8053-WWDRO,1,0,0.1304929037167329,Low Risk,5579,High Value,728.0199098356528,Low,Month-to-month contract; Short tenure,Offer incentive to move to a longer-term contract; Trigger new-customer onboarding outreach,6,Month-to-month,No,Bank transfer (automatic),19.5,146.3
5949-HGVJL,0,0,0.2642582754978431,Low Risk,2753,Low Value,727.503032445562,Low,Month-to-month contract; Electronic check; No online security,Offer incentive to move to a longer-term contract; Promote automatic payment enrollment; Bundle online security with retention offer,26,Month-to-month,DSL,Electronic check,73.05,1959.5
6874-SGLHU,0,0,0.1757635265439185,Low Risk,4126,Medium Value,725.2003105202077,Low,Fiber optic service; No tech support; No online security; High monthly charges,Offer discounted or trial tech support; Bundle online security with retention offer; Review plan pricing or offer loyalty discount,30,One year,Fiber optic,Bank transfer (automatic),97.0,3021.3
9330-VOFSZ,0,0,0.1217523155592698,Low Risk,5942,High Value,723.4522590531811,Low,Fiber optic service; No online security; High monthly charges,Bundle online security with retention offer; Review plan pricing or offer loyalty discount,60,Two year,Fiber optic,Credit card (automatic),110.8,6640.7
9481-SFCQY,0,0,0.1207683253628387,Low Risk,5962,High Value,720.0207558132444,Low,Month-to-month contract; No tech support; No online security,Offer incentive to move to a longer-term contract; Offer discounted or trial tech support; Bundle online security with retention offer,14,Month-to-month,DSL,Credit card (automatic),59.8,824.85
9128-CPXKI,0,0,0.1313765469046412,Low Risk,5470,High Value,718.6297115683874,Low,Electronic check; Fiber optic service; No tech support; No online security,Promote automatic payment enrollment; Offer discounted or trial tech support; Bundle online security with retention offer,59,Two year,Fiber optic,Electronic check,95.8,5655.45
5213-TWWJU,0,0,0.2931643322117949,Low Risk,2448,Low Value,717.6662852544739,Low,Month-to-month contract; Electronic check; Fiber optic service; No online security,Offer incentive to move to a longer-term contract; Promote automatic payment enrollment; Bundle online security with retention offer,28,Month-to-month,Fiber optic,Electronic check,91.0,2626.15
9420-LOJKX,1,0,0.2407986415682793,Low Risk,2966,Low Value,714.2087708915163,Low,Month-to-month contract; Fiber optic service; No tech support; High monthly charges,Offer incentive to move to a longer-term contract; Offer discounted or trial tech support; Review plan pricing or offer loyalty discount,15,Month-to-month,Fiber optic,Credit card (automatic),99.1,1426.4
9986-BONCE,1,0,0.1214751163011154,Low Risk,5822,High Value,707.2281271050939,Low,Month-to-month contract; Short tenure,Offer incentive to move to a longer-term contract; Trigger new-customer onboarding outreach,4,Month-to-month,No,Bank transfer (automatic),20.95,85.5
2533-QVMSK,1,0,0.1123147717598812,Low Risk,6295,High Value,707.0214882284521,Low,Electronic check; Fiber optic service; No online security; High monthly charges,Promote automatic payment enrollment; Bundle online security with retention offer; Review plan pricing or offer loyalty discount,61,Two year,Fiber optic,Electronic check,94.1,5638.3
9405-GPBBG,0,0,0.1233043395488477,Low Risk,5718,High Value,705.0542135403111,Low,Fiber optic service; No online security; High monthly charges,Bundle online security with retention offer; Review plan pricing or offer loyalty discount,64,Two year,Fiber optic,Credit card (automatic),110.5,7069.25
6258-NGCNG,0,0,0.1276962481709036,Low Risk,5508,High Value,703.3509349253371,Low,Month-to-month contract,Offer incentive to move to a longer-term contract,7,Month-to-month,No,Mailed check,23.5,173.0
9633-DENPU,0,0,0.2681350179378601,Low Risk,2613,Low Value,700.6368018716284,Low,Month-to-month contract; No tech support; No online security,Offer incentive to move to a longer-term contract; Offer discounted or trial tech support; Bundle online security with retention offer,47,Month-to-month,DSL,Bank transfer (automatic),58.6,2723.4
4160-AMJTL,1,0,0.1288909216392689,Low Risk,5432,High Value,700.1354863445086,Low,Month-to-month contract; Electronic check,Offer incentive to move to a longer-term contract; Promote automatic payment enrollment,8,Month-to-month,No,Electronic check,19.65,164.3
7395-XWZOY,0,0,0.1559808076071859,Low Risk,4481,Medium Value,698.9499988878001,Low,Month-to-month contract,Offer incentive to move to a longer-term contract,20,Month-to-month,DSL,Credit card (automatic),55.0,1165.55
6890-PFRQX,0,0,0.1560956327736895,Low Risk,4466,Medium Value,697.1230959672973,Low,Month-to-month contract; No tech support,Offer incentive to move to a longer-term contract; Offer discounted or trial tech support,18,Month-to-month,DSL,Mailed check,69.5,1199.4
5524-KHNJP,0,0,0.130262221542169,Low Risk,5344,High Value,696.1213119213511,Low,No tech support,Offer discounted or trial tech support,33,One year,DSL,Credit card (automatic),74.75,2453.3
3787-TRIAL,0,0,0.1617251779723507,Low Risk,4302,Medium Value,695.7417156370527,Low,Month-to-month contract; Electronic check; No tech support; No online security,Offer incentive to move to a longer-term contract; Promote automatic payment enrollment; Offer discounted or trial tech support,21,Month-to-month,DSL,Electronic check,26.05,565.75
1848-LBZHY,0,0,0.2713808617725283,Low Risk,2547,Low Value,691.2070549346296,Low,Month-to-month contract; No tech support,Offer incentive to move to a longer-term contract; Offer discounted or trial tech support,7,Month-to-month,DSL,Bank transfer (automatic),50.3,355.1
5240-CAOYT,0,0,0.1412811012040882,Low Risk,4882,Medium Value,689.7343360783586,Low,Month-to-month contract; Fiber optic service,Offer incentive to move to a longer-term contract,57,Month-to-month,Fiber optic,Bank transfer (automatic),87.55,4884.85
6968-URWQU,0,0,0.1399607564113969,Low Risk,4928,Medium Value,689.7266075953639,Low,No tech support; No online security,Offer discounted or trial tech support; Bundle online security with retention offer,43,One year,DSL,Mailed check,56.35,2391.15
4412-YLTKF,1,0,0.1482019888413323,Low Risk,4638,Medium Value,687.3608242460991,Low,Month-to-month contract; Electronic check; Fiber optic service; No tech support,Offer incentive to move to a longer-term contract; Promote automatic payment enrollment; Offer discounted or trial tech support,27,Month-to-month,Fiber optic,Electronic check,78.05,2135.5
4945-RVMTE,0,0,0.2036890269394076,Low Risk,3354,Low Value,683.1729963547731,Low,Month-to-month contract; No tech support; No online security,Offer incentive to move to a longer-term contract; Offer discounted or trial tech support; Bundle online security with retention offer,28,Month-to-month,DSL,Bank transfer (automatic),59.55,1646.45
4237-CLSMM,0,0,0.1411768748488934,Low Risk,4823,Medium Value,680.8960673962129,Low,Month-to-month contract; Short tenure,Offer incentive to move to a longer-term contract; Trigger new-customer onboarding outreach,2,Month-to-month,No,Mailed check,20.0,38.0
0363-QJVFX,1,0,0.2675535273205612,Low Risk,2541,Low Value,679.853512921546,Low,Month-to-month contract; Fiber optic service; High monthly charges,Offer incentive to move to a longer-term contract; Review plan pricing or offer loyalty discount,32,Month-to-month,Fiber optic,Credit card (automatic),108.15,3432.9
3173-NVMPX,0,0,0.1583990291245762,Low Risk,4291,Medium Value,679.6902339735565,Low,Month-to-month contract; No tech support; No online security,Offer incentive to move to a longer-term contract; Offer discounted or trial tech support; Bundle online security with retention offer,9,Month-to-month,DSL,Mailed check,55.3,501.2
4693-VWVBO,0,0,0.1741899891293187,Low Risk,3889,Low Value,677.4248677239204,Low,Month-to-month contract; Short tenure; Electronic check,Offer incentive to move to a longer-term contract; Promote automatic payment enrollment; Trigger new-customer onboarding outreach,3,Month-to-month,No,Electronic check,19.55,61.05
9820-RMCQV,1,0,0.1510927873255188,Low Risk,4444,Medium Value,671.4563468746056,Low,Month-to-month contract; No tech support,Offer incentive to move to a longer-term contract; Offer discounted or trial tech support,11,Month-to-month,DSL,Credit card (automatic),48.55,501.0
6769-DYBQN,1,0,0.3200149372367549,Medium Risk,2097,Low Value,671.071323385475,Low,Month-to-month contract; Electronic check; Fiber optic service; No tech support,Offer incentive to move to a longer-term contract; Promote automatic payment enrollment; Offer discounted or trial tech support,46,Month-to-month,Fiber optic,Electronic check,85.0,3969.4
7130-CTCUS,0,0,0.1989746651830574,Low Risk,3324,Low Value,661.3917870684828,Low,Month-to-month contract; No tech support,Offer incentive to move to a longer-term contract; Offer discounted or trial tech support,16,Month-to-month,DSL,Bank transfer (automatic),54.55,825.1
9033-EOXWV,1,0,0.1592856457422895,Low Risk,4149,Medium Value,660.8761441847591,Low,No online security,Bundle online security with retention offer,12,One year,DSL,Mailed check,74.05,872.65
0484-FFVBJ,0,0,0.1349928014031275,Low Risk,4895,Medium Value,660.7897628683091,Low,No tech support; No online security,Offer discounted or trial tech support; Bundle online security with retention offer,32,One year,DSL,Bank transfer (automatic),64.85,2010.95
6734-FQAJX,0,0,0.1593168584315173,Low Risk,4143,Medium Value,660.0497444817762,Low,Electronic check; Fiber optic service; High monthly charges,Promote automatic payment enrollment; Review plan pricing or offer loyalty discount,67,Two year,Fiber optic,Electronic check,105.05,7171.7
7750-EYXWZ,0,0,0.1763372455962518,Low Risk,3740,Low Value,659.5012985299817,Low,Electronic check; No online security,Promote automatic payment enrollment; Bundle online security with retention offer,12,One year,DSL,Electronic check,60.65,743.3
2911-WDXMV,0,0,0.1232262954669951,Low Risk,5334,High Value,657.2890600209519,Low,Month-to-month contract; Fiber optic service; No tech support; No online security,Offer incentive to move to a longer-term contract; Offer discounted or trial tech support; Bundle online security with retention offer,18,Month-to-month,Fiber optic,Credit card (automatic),80.55,1406.65
4759-PXTAN,0,0,0.1604932889904696,Low Risk,4093,Medium Value,656.8990318379921,Low,Electronic check; No online security,Promote automatic payment enrollment; Bundle online security with retention offer,59,One year,DSL,Electronic check,80.1,4693.2
3675-EQOZA,0,0,0.1166096432097625,Low Risk,5597,High Value,652.6641730450407,Low,Month-to-month contract; Short tenure,Offer incentive to move to a longer-term contract; Trigger new-customer onboarding outreach,5,Month-to-month,No,Bank transfer (automatic),20.65,93.55
7764-BDPEE,0,0,0.1106570855830406,Low Risk,5868,High Value,649.3357782012822,Low,Month-to-month contract; Short tenure,Offer incentive to move to a longer-term contract; Trigger new-customer onboarding outreach,3,Month-to-month,No,Mailed check,20.85,60.65
6946-LMSQS,1,0,0.242656354560689,Low Risk,2673,Low Value,648.6204357407217,Low,Electronic check; Fiber optic service; No tech support,Promote automatic payment enrollment; Offer discounted or trial tech support,25,One year,Fiber optic,Electronic check,89.05,2177.45
5574-NXZIU,0,0,0.150271487684401,Low Risk,4273,Medium Value,642.1100668754455,Low,Fiber optic service; High monthly charges,Review plan pricing or offer loyalty discount,63,Two year,Fiber optic,Credit card (automatic),109.2,7049.75
2798-NYLMZ,0,0,0.1557355042049241,Low Risk,4111,Medium Value,640.228657786443,Low,Fiber optic service; High monthly charges,Review plan pricing or offer loyalty discount,71,Two year,Fiber optic,Credit card (automatic),108.55,7616.0
7233-IOQNP,0,0,0.1167147133058877,Low Risk,5409,High Value,631.3098842715466,Low,Month-to-month contract,Offer incentive to move to a longer-term contract,43,Month-to-month,DSL,Bank transfer (automatic),34.0,1505.35
1097-FSPVW,0,0,0.1171844638224102,Low Risk,5387,High Value,631.2727066113238,Low,Month-to-month contract; No tech support,Offer incentive to move to a longer-term contract; Offer discounted or trial tech support,42,Month-to-month,DSL,Credit card (automatic),54.55,2455.05
7623-TRNQN,1,0,0.2027369426550432,Low Risk,3113,Low Value,631.1201024851495,Low,Month-to-month contract; Short tenure; No online security,Offer incentive to move to a longer-term contract; Bundle online security with retention offer; Trigger new-customer onboarding outreach,1,Month-to-month,DSL,Mailed check,49.9,49.9
9779-DPNEJ,0,0,0.1332044337442378,Low Risk,4732,Medium Value,630.3233804777333,Low,Month-to-month contract; Electronic check; Fiber optic service; No tech support,Offer incentive to move to a longer-term contract; Promote automatic payment enrollment; Offer discounted or trial tech support,22,Month-to-month,Fiber optic,Electronic check,80.15,1790.65
4819-HJPIW,0,0,0.2353418485338646,Low Risk,2675,Low Value,629.5394448280879,Low,Month-to-month contract; No tech support; No online security,Offer incentive to move to a longer-term contract; Offer discounted or trial tech support; Bundle online security with retention offer,18,Month-to-month,DSL,Mailed check,25.15,476.8
0959-WHOKV,0,0,0.2171709511629205,Low Risk,2887,Low Value,626.9725360073516,Low,Electronic check; Fiber optic service; No tech support; High monthly charges,Promote automatic payment enrollment; Offer discounted or trial tech support; Review plan pricing or offer loyalty discount,42,One year,Fiber optic,Electronic check,99.0,4298.45
9357-UJRUN,0,0,0.1151585540781502,Low Risk,5428,High Value,625.0806315361993,Low,Electronic check,Promote automatic payment enrollment,24,One year,DSL,Electronic check,58.35,1346.9
9909-DFRJA,0,0,0.1626213372602808,Low Risk,3834,Low Value,623.4902070559166,Low,Fiber optic service; High monthly charges,Review plan pricing or offer loyalty discount,26,One year,Fiber optic,Bank transfer (automatic),95.85,2475.35
1852-XEMDW,0,0,0.1320164270072821,Low Risk,4709,Medium Value,621.6653547772914,Low,Month-to-month contract; No tech support,Offer incentive to move to a longer-term contract; Offer discounted or trial tech support,22,Month-to-month,DSL,Mailed check,65.05,1427.55
1136-XGEQU,0,0,0.1343392576221311,Low Risk,4625,Medium Value,621.3190665023562,Low,No online security,Bundle online security with retention offer,50,One year,DSL,Credit card (automatic),84.15,4164.4
4785-QRJHC,1,0,0.1533591802431909,Low Risk,4011,Medium Value,615.1236719554387,Low,No online security,Bundle online security with retention offer,46,One year,DSL,Bank transfer (automatic),59.9,2816.65
9115-YQHGA,0,0,0.1827840476813945,Low Risk,3355,Low Value,613.2404799710786,Low,Month-to-month contract; Electronic check; No online security,Offer incentive to move to a longer-term contract; Promote automatic payment enrollment; Bundle online security with retention offer,40,Month-to-month,DSL,Electronic check,51.1,2092.9
0701-TJSEF,0,0,0.1401469719381502,Low Risk,4366,Medium Value,611.8816794819638,Low,Month-to-month contract,Offer incentive to move to a longer-term contract,9,Month-to-month,DSL,Bank transfer (automatic),68.25,576.95
4468-YDOVK,0,0,0.1847953927644802,Low Risk,3307,Low Value,611.118363872136,Low,Month-to-month contract; Short tenure; No online security,Offer incentive to move to a longer-term contract; Bundle online security with retention offer; Trigger new-customer onboarding outreach,5,Month-to-month,DSL,Bank transfer (automatic),48.65,235.2
1730-VFMWO,0,0,0.1403508326209055,Low Risk,4352,Medium Value,610.8068235661807,Low,Month-to-month contract; No online security,Offer incentive to move to a longer-term contract; Bundle online security with retention offer,34,Month-to-month,DSL,Bank transfer (automatic),50.2,1815.3
5468-BPMMO,0,0,0.1199539049373523,Low Risk,5092,High Value,610.8052839409979,Low,Month-to-month contract; Electronic check,Offer incentive to move to a longer-term contract; Promote automatic payment enrollment,46,Month-to-month,No,Electronic check,19.6,851.2
7017-VFULY,0,0,0.1468969482372791,Low Risk,4158,Medium Value,610.7975107706066,Low,Month-to-month contract; Short tenure,Offer incentive to move to a longer-term contract; Trigger new-customer onboarding outreach,2,Month-to-month,No,Bank transfer (automatic),20.1,43.15
5236-PERKL,1,0,0.1276776525227108,Low Risk,4738,Medium Value,604.9367176526038,Low,Fiber optic service; No tech support; High monthly charges,Offer discounted or trial tech support; Review plan pricing or offer loyalty discount,57,Two year,Fiber optic,Bank transfer (automatic),112.95,6465.0
0013-MHZWF,0,0,0.1179228168251864,Low Risk,5108,High Value,602.3497483430522,Low,Month-to-month contract; No online security,Offer incentive to move to a longer-term contract; Bundle online security with retention offer,9,Month-to-month,DSL,Credit card (automatic),69.4,571.45
9842-EFSYY,0,0,0.2480803235822111,Low Risk,2421,Low Value,600.6024633925331,Low,Month-to-month contract; Short tenure; No tech support,Offer incentive to move to a longer-term contract; Offer discounted or trial tech support; Trigger new-customer onboarding outreach,4,Month-to-month,DSL,Mailed check,57.2,223.75
6184-DYUOB,0,0,0.2036064024866211,Low Risk,2941,Low Value,598.8064297131526,Low,Month-to-month contract; Short tenure,Offer incentive to move to a longer-term contract; Trigger new-customer onboarding outreach,3,Month-to-month,No,Mailed check,19.6,55.25
0733-VUNUW,1,0,0.1450638530424503,Low Risk,4126,Medium Value,598.53345765315,Low,Month-to-month contract; No tech support,Offer incentive to move to a longer-term contract; Offer discounted or trial tech support,24,Month-to-month,DSL,Bank transfer (automatic),55.65,1400.55
4002-BQWPQ,0,0,0.1004315216974148,Low Risk,5917,High Value,594.2533138836034,Low,Month-to-month contract,Offer incentive to move to a longer-term contract,25,Month-to-month,DSL,Bank transfer (automatic),81.75,2028.8
2668-TZSPS,0,0,0.2204368093437705,Low Risk,2664,Low Value,587.2436600918046,Low,Month-to-month contract; Short tenure,Offer incentive to move to a longer-term contract; Trigger new-customer onboarding outreach,1,Month-to-month,No,Mailed check,20.45,20.45
3055-VTCGS,0,0,0.0915860360264119,Low Risk,6312,High Value,578.0910593987119,Low,No tech support; No online security,Offer discounted or trial tech support; Bundle online security with retention offer,63,One year,DSL,Credit card (automatic),58.55,3503.5
5804-HYIEZ,0,0,0.1256151368343685,Low Risk,4583,Medium Value,575.6941721119109,Low,Month-to-month contract; Electronic check; Fiber optic service; No tech support,Offer incentive to move to a longer-term contract; Promote automatic payment enrollment; Offer discounted or trial tech support,70,Month-to-month,Fiber optic,Electronic check,106.05,7554.05
2669-QVCRG,0,0,0.248385539740963,Low Risk,2299,Low Value,571.0383558644739,Low,Month-to-month contract; Fiber optic service; No tech support,Offer incentive to move to a longer-term contract; Offer discounted or trial tech support,41,Month-to-month,Fiber optic,Credit card (automatic),81.3,3190.65
3339-EAQNV,0,0,0.0920585284609565,Low Risk,6156,High Value,566.7123012056481,Low,Fiber optic service; No tech support; No online security; High monthly charges,Offer discounted or trial tech support; Bundle online security with retention offer; Review plan pricing or offer loyalty discount,72,One year,Fiber optic,Credit card (automatic),97.25,7133.1
2272-WUSPA,0,0,0.1166909967536235,Low Risk,4848,Medium Value,565.7179522615668,Low,Electronic check; Fiber optic service; No tech support; High monthly charges,Promote automatic payment enrollment; Offer discounted or trial tech support; Review plan pricing or offer loyalty discount,72,Two year,Fiber optic,Electronic check,110.75,7751.7
5186-EJEGL,0,0,0.1550496213809795,Low Risk,3628,Low Value,562.5200263701936,Low,Month-to-month contract,Offer incentive to move to a longer-term contract,9,Month-to-month,DSL,Mailed check,69.5,653.25
2843-CQMEG,0,0,0.1929027608625817,Low Risk,2911,Low Value,561.5399368709753,Low,Month-to-month contract; No tech support; No online security,Offer incentive to move to a longer-term contract; Offer discounted or trial tech support; Bundle online security with retention offer,24,Month-to-month,DSL,Mailed check,49.7,1218.25
3011-WQKSZ,0,0,0.1074636380709159,Low Risk,5188,High Value,557.5213543119116,Low,Month-to-month contract; Electronic check,Offer incentive to move to a longer-term contract; Promote automatic payment enrollment,19,Month-to-month,No,Electronic check,20.0,377.55
8059-UDZFY,0,0,0.1171846625098996,Low Risk,4738,Medium Value,555.2209309719043,Low,Month-to-month contract; Fiber optic service; No tech support; No online security,Offer incentive to move to a longer-term contract; Offer discounted or trial tech support; Bundle online security with retention offer,33,Month-to-month,Fiber optic,Bank transfer (automatic),105.35,3465.05
6112-KTHFQ,0,0,0.0934604765126182,Low Risk,5917,High Value,553.0056395251619,Low,Month-to-month contract,Offer incentive to move to a longer-term contract,13,Month-to-month,No,Mailed check,19.3,279.3
2195-VVRJF,0,0,0.2271811268457754,Low Risk,2422,Low Value,550.232689220468,Low,Month-to-month contract; No tech support,Offer incentive to move to a longer-term contract; Offer discounted or trial tech support,18,Month-to-month,DSL,Credit card (automatic),59.1,1011.05
7603-USHJS,1,0,0.2733881249711942,Low Risk,2010,Low Value,549.5101311921003,Low,Month-to-month contract; Fiber optic service; No tech support; No online security,Offer incentive to move to a longer-term contract; Offer discounted or trial tech support; Bundle online security with retention offer,12,Month-to-month,Fiber optic,Credit card (automatic),73.75,871.4
6825-UYPFK,1,0,0.2597921456995203,Low Risk,2115,Low Value,549.4603881544855,Low,Month-to-month contract; Fiber optic service; No tech support; No online security,Offer incentive to move to a longer-term contract; Offer discounted or trial tech support; Bundle online security with retention offer,23,Month-to-month,Fiber optic,Bank transfer (automatic),75.6,1758.6
3847-BAERP,0,0,0.1114107530054599,Low Risk,4905,Medium Value,546.4697434917808,Low,Month-to-month contract,Offer incentive to move to a longer-term contract,10,Month-to-month,No,Mailed check,20.9,247.0
5850-BDWCY,0,0,0.108625508909622,Low Risk,5029,Medium Value,546.277684306489,Low,Month-to-month contract; Short tenure,Offer incentive to move to a longer-term contract; Trigger new-customer onboarding outreach,6,Month-to-month,No,Mailed check,20.2,123.65
8457-XIGKN,0,0,0.0917421175854061,Low Risk,5909,High Value,542.1041728121646,Low,Month-to-month contract,Offer incentive to move to a longer-term contract,20,Month-to-month,No,Credit card (automatic),19.6,356.15
6766-HFKLA,0,0,0.1192658508922658,Low Risk,4534,Medium Value,540.7513679455332,Low,Fiber optic service; No online security; High monthly charges,Bundle online security with retention offer; Review plan pricing or offer loyalty discount,56,Two year,Fiber optic,Bank transfer (automatic),103.2,5744.35
4701-MLJPN,1,0,0.1827840476813945,Low Risk,2933,Low Value,536.1056118495301,Low,Month-to-month contract; Electronic check; No online security,Offer incentive to move to a longer-term contract; Promote automatic payment enrollment; Bundle online security with retention offer,31,Month-to-month,DSL,Electronic check,55.25,1715.65
0516-UXRMT,0,0,0.0922858390201334,Low Risk,5801,High Value,535.3501521557939,Low,Electronic check; Fiber optic service; No tech support; High monthly charges,Promote automatic payment enrollment; Offer discounted or trial tech support; Review plan pricing or offer loyalty discount,62,One year,Fiber optic,Electronic check,92.05,5755.8
4256-ZWTZI,0,0,0.1918878919505273,Low Risk,2789,Low Value,535.1753306500207,Low,Month-to-month contract; Short tenure; No online security,Offer incentive to move to a longer-term contract; Bundle online security with retention offer; Trigger new-customer onboarding outreach,5,Month-to-month,DSL,Mailed check,51.0,286.8
9565-JSNFM,1,0,0.0981144955260842,Low Risk,5437,High Value,533.4485121753198,Low,Fiber optic service; No tech support; No online security,Offer discounted or trial tech support; Bundle online security with retention offer,38,One year,Fiber optic,Bank transfer (automatic),70.45,2597.6
6784-XYJAE,0,0,0.1117187109337358,Low Risk,4770,Medium Value,532.8982511539198,Low,Electronic check; No tech support; No online security,Promote automatic payment enrollment; Offer discounted or trial tech support; Bundle online security with retention offer,36,One year,DSL,Electronic check,55.8,1941.5
4702-HDRKD,0,0,0.0898845778290112,Low Risk,5905,High Value,530.7684320803112,Low,No major rule-based risk factor,Personalized retention outreach,67,One year,DSL,Bank transfer (automatic),49.35,3321.35
8166-ORCHU,0,0,0.1199373450298922,Low Risk,4414,Medium Value,529.4034409619442,Low,Electronic check; Fiber optic service; High monthly charges,Promote automatic payment enrollment; Review plan pricing or offer loyalty discount,33,One year,Fiber optic,Electronic check,93.55,3055.5
0536-ACXIP,0,0,0.0820207643627354,Low Risk,6452,High Value,529.1979716683687,Low,Electronic check; Fiber optic service; No tech support; High monthly charges,Promote automatic payment enrollment; Offer discounted or trial tech support; Review plan pricing or offer loyalty discount,72,Two year,Fiber optic,Electronic check,109.55,8165.1
6366-XIVKZ,0,0,0.0891997299740515,Low Risk,5916,High Value,527.7056025264886,Low,Month-to-month contract; No tech support,Offer incentive to move to a longer-term contract; Offer discounted or trial tech support,13,Month-to-month,DSL,Mailed check,63.15,816.8
1936-UAFEH,0,0,0.0955395235065397,Low Risk,5502,High Value,525.6584583329815,Low,Fiber optic service; High monthly charges,Review plan pricing or offer loyalty discount,68,Two year,Fiber optic,Credit card (automatic),110.25,7279.35
8089-UZWLX,0,0,0.1274414516589196,Low Risk,4113,Medium Value,524.1666906731363,Low,Fiber optic service; No tech support; No online security; High monthly charges,Offer discounted or trial tech support; Bundle online security with retention offer; Review plan pricing or offer loyalty discount,71,Two year,Fiber optic,Bank transfer (automatic),104.05,7413.55
4323-SADQS,1,0,0.1487652529394139,Low Risk,3520,Low Value,523.6536903467369,Low,Month-to-month contract; Electronic check,Offer incentive to move to a longer-term contract; Promote automatic payment enrollment,7,Month-to-month,DSL,Electronic check,34.5,279.25
3604-WLABM,0,0,0.2320801052590919,Low Risk,2253,Low Value,522.876477148734,Low,Month-to-month contract; Electronic check; No online security,Offer incentive to move to a longer-term contract; Promote automatic payment enrollment; Bundle online security with retention offer,10,Month-to-month,DSL,Electronic check,54.25,583.0
5081-NWSUP,0,0,0.1068877649448574,Low Risk,4883,Medium Value,521.9329562257386,Low,No online security,Bundle online security with retention offer,10,One year,DSL,Mailed check,64.9,685.55
3090-QFUVD,0,0,0.2073483789115276,Low Risk,2507,Low Value,519.8223859311997,Low,Month-to-month contract; Short tenure,Offer incentive to move to a longer-term contract; Trigger new-customer onboarding outreach,1,Month-to-month,No,Credit card (automatic),20.3,20.3
2923-ARZLG,0,0,0.1059731705678849,Low Risk,4890,Medium Value,518.2088040769571,Low,Short tenure,Trigger new-customer onboarding outreach,0,One year,No,Mailed check,19.7,0.0
9367-TCUYN,0,0,0.0985880510204974,Low Risk,5179,High Value,510.58751623515604,Low,Month-to-month contract,Offer incentive to move to a longer-term contract,12,Month-to-month,No,Mailed check,20.1,223.6
9480-BQJEI,0,0,0.0785760192468357,Low Risk,6468,High Value,508.2296924885333,Low,Fiber optic service; No tech support; High monthly charges,Offer discounted or trial tech support; Review plan pricing or offer loyalty discount,62,One year,Fiber optic,Bank transfer (automatic),92.3,5731.45
2839-RFSQE,1,0,0.1319799005716012,Low Risk,3845,Low Value,507.46271769780657,Low,Month-to-month contract; Short tenure,Offer incentive to move to a longer-term contract; Trigger new-customer onboarding outreach,2,Month-to-month,No,Mailed check,20.65,38.7
0816-TSPHQ,0,0,0.1267543830454328,Low Risk,3976,Low Value,503.9754269886408,Low,Month-to-month contract; Short tenure,Offer incentive to move to a longer-term contract; Trigger new-customer onboarding outreach,2,Month-to-month,No,Mailed check,20.75,44.2
1744-JHKYS,0,0,0.1466627019571794,Low Risk,3421,Low Value,501.73310339551074,Low,Month-to-month contract; Electronic check,Offer incentive to move to a longer-term contract; Promote automatic payment enrollment,34,Month-to-month,No,Electronic check,24.7,780.2
9289-LBQVU,0,0,0.0991578359488794,Low Risk,5037,Medium Value,499.4580196745056,Low,No online security,Bundle online security with retention offer,64,One year,DSL,Mailed check,70.15,4480.7
2325-ZUSFD,1,0,0.1069394272011228,Low Risk,4669,Medium Value,499.30018560204235,Low,No tech support,Offer discounted or trial tech support,57,One year,DSL,Bank transfer (automatic),70.1,3913.3
5271-YNWVR,1,0,0.1072651942877704,Low Risk,4610,Medium Value,494.49254566662154,Low,Electronic check; Fiber optic service; High monthly charges,Promote automatic payment enrollment; Review plan pricing or offer loyalty discount,68,Two year,Fiber optic,Electronic check,113.15,7856.0
1545-JFUML,0,0,0.0931565830468863,Low Risk,5295,High Value,493.26410723326296,Low,Electronic check; Fiber optic service; No tech support; High monthly charges,Promote automatic payment enrollment; Offer discounted or trial tech support; Review plan pricing or offer loyalty discount,71,Two year,Fiber optic,Electronic check,99.0,6994.6
5445-PZWGX,1,0,0.096347718646171,Low Risk,5090,High Value,490.4098879090104,Low,Electronic check; Fiber optic service; High monthly charges,Promote automatic payment enrollment; Review plan pricing or offer loyalty discount,62,One year,Fiber optic,Electronic check,102.0,6529.25
7838-LAZFO,0,0,0.1165736085098756,Low Risk,4192,Medium Value,488.6765668733985,Low,No tech support,Offer discounted or trial tech support,45,One year,DSL,Bank transfer (automatic),78.8,3597.5
0895-LMRSF,0,0,0.1474355773400694,Low Risk,3314,Low Value,488.60150330499,Low,No tech support; No online security,Offer discounted or trial tech support; Bundle online security with retention offer,23,One year,DSL,Bank transfer (automatic),64.9,1509.8
4541-RMRLG,1,0,0.1073953583414587,Low Risk,4489,Medium Value,482.0977635948081,Low,Month-to-month contract; Electronic check,Offer incentive to move to a longer-term contract; Promote automatic payment enrollment,7,Month-to-month,No,Electronic check,19.25,112.3
0265-PSUAE,0,0,0.1443841835593933,Low Risk,3337,Low Value,481.8100205376955,Low,Month-to-month contract; Fiber optic service; No tech support; High monthly charges,Offer incentive to move to a longer-term contract; Offer discounted or trial tech support; Review plan pricing or offer loyalty discount,16,Month-to-month,Fiber optic,Bank transfer (automatic),100.7,1522.7
9089-UOWJG,0,0,0.0943609910993288,Low Risk,5068,Medium Value,478.22150289139836,Low,Month-to-month contract; No tech support; No online security,Offer incentive to move to a longer-term contract; Offer discounted or trial tech support; Bundle online security with retention offer,12,Month-to-month,DSL,Credit card (automatic),58.35,740.55
1265-HVPZB,0,0,0.0740764482335654,Low Risk,6432,High Value,476.4597150382927,Low,No tech support,Offer discounted or trial tech support,59,One year,DSL,Credit card (automatic),66.4,3958.2
1452-KIOVK,0,0,0.106321646344262,Low Risk,4459,Medium Value,474.08822104906426,Low,Month-to-month contract; Fiber optic service; No tech support; No online security,Offer incentive to move to a longer-term contract; Offer discounted or trial tech support; Bundle online security with retention offer,22,Month-to-month,Fiber optic,Credit card (automatic),89.1,1949.4
7691-XVTZH,0,0,0.0829104844054299,Low Risk,5672,High Value,470.26826754759844,Low,Fiber optic service; No tech support; No online security; High monthly charges,Offer discounted or trial tech support; Bundle online security with retention offer; Review plan pricing or offer loyalty discount,68,Two year,Fiber optic,Bank transfer (automatic),89.95,5974.3
7997-EASSD,0,0,0.077320536735681,Low Risk,6063,High Value,468.7944142284339,Low,Fiber optic service; No online security,Bundle online security with retention offer,63,One year,Fiber optic,Credit card (automatic),81.2,4965.1
9586-JGQKH,0,0,0.1035704996274236,Low Risk,4512,Medium Value,467.3100943189353,Low,Fiber optic service; No online security; High monthly charges,Bundle online security with retention offer; Review plan pricing or offer loyalty discount,64,Two year,Fiber optic,Bank transfer (automatic),105.4,6794.75
2511-MORQY,0,0,0.1074687688451898,Low Risk,4322,Medium Value,464.4800189489103,Low,No tech support; No online security,Offer discounted or trial tech support; Bundle online security with retention offer,50,One year,DSL,Bank transfer (automatic),54.9,2614.1
9308-ANMVE,0,0,0.0841065843140131,Low Risk,5491,High Value,461.82925446824595,Low,Month-to-month contract; Electronic check; No tech support,Offer incentive to move to a longer-term contract; Promote automatic payment enrollment; Offer discounted or trial tech support,47,Month-to-month,DSL,Electronic check,55.3,2654.05
0289-IVARM,0,0,0.1331180108092819,Low Risk,3463,Low Value,460.9876714325432,Low,Month-to-month contract; Electronic check; No tech support,Offer incentive to move to a longer-term contract; Promote automatic payment enrollment; Offer discounted or trial tech support,35,Month-to-month,DSL,Electronic check,60.55,1982.6
0868-VJRDR,0,0,0.1061989226006479,Low Risk,4337,Medium Value,460.5847273190099,Low,Fiber optic service; High monthly charges,Review plan pricing or offer loyalty discount,64,Two year,Fiber optic,Credit card (automatic),104.05,6605.55
4660-IRIBM,0,0,0.0879389860822208,Low Risk,5192,High Value,456.57921573889035,Low,Month-to-month contract; Fiber optic service; No tech support,Offer incentive to move to a longer-term contract; Offer discounted or trial tech support,18,Month-to-month,Fiber optic,Mailed check,87.9,1500.5
9209-NWPGU,0,0,0.0775149715184934,Low Risk,5827,High Value,451.67973903826106,Low,Electronic check,Promote automatic payment enrollment,44,One year,DSL,Electronic check,65.4,2774.55
0486-HECZI,1,0,0.0870157384635338,Low Risk,5154,High Value,448.4791160410532,Low,Month-to-month contract; Electronic check; Fiber optic service; No tech support,Offer incentive to move to a longer-term contract; Promote automatic payment enrollment; Offer discounted or trial tech support,55,Month-to-month,Fiber optic,Electronic check,96.75,5238.9
7356-AYNJP,0,0,0.07855634370259,Low Risk,5685,High Value,446.59281394922414,Low,Short tenure; Electronic check,Promote automatic payment enrollment; Trigger new-customer onboarding outreach,4,One year,No,Electronic check,23.9,97.5
9097-ZUBYC,0,0,0.2057172644679094,Low Risk,2168,Low Value,445.99502936642756,Low,Month-to-month contract; No online security,Offer incentive to move to a longer-term contract; Bundle online security with retention offer,14,Month-to-month,DSL,Bank transfer (automatic),48.8,664.4
7531-GQHME,0,0,0.0888913559468417,Low Risk,4996,Medium Value,444.1012143104211,Low,Month-to-month contract,Offer incentive to move to a longer-term contract,12,Month-to-month,No,Credit card (automatic),20.05,265.45
9025-ZRPVR,1,0,0.0813834918211407,Low Risk,5403,High Value,439.7150063096232,Low,Month-to-month contract,Offer incentive to move to a longer-term contract,9,Month-to-month,No,Mailed check,18.95,185.6
6900-RBKER,0,0,0.081555105786413,Low Risk,5386,High Value,439.25579976562045,Low,Fiber optic service; No tech support; No online security,Offer discounted or trial tech support; Bundle online security with retention offer,52,Two year,Fiber optic,Credit card (automatic),89.45,4577.75
1784-BXEFA,0,0,0.1219303349872694,Low Risk,3595,Low Value,438.33955427923354,Low,Month-to-month contract,Offer incentive to move to a longer-term contract,10,Month-to-month,No,Mailed check,20.55,187.35
2480-SQIOB,0,0,0.2051738543372393,Low Risk,2114,Low Value,433.7375280689239,Low,Month-to-month contract; Short tenure; Electronic check; No tech support,Offer incentive to move to a longer-term contract; Promote automatic payment enrollment; Offer discounted or trial tech support,4,Month-to-month,DSL,Electronic check,44.8,169.65
2155-AMQRX,0,0,0.1494831832586066,Low Risk,2885,Low Value,431.25898370108007,Low,Month-to-month contract; No online security,Offer incentive to move to a longer-term contract; Bundle online security with retention offer,28,Month-to-month,DSL,Credit card (automatic),54.9,1505.15
0463-WZZKO,0,0,0.17923532537035,Low Risk,2406,Low Value,431.2401928410621,Low,Month-to-month contract; Short tenure,Offer incentive to move to a longer-term contract; Trigger new-customer onboarding outreach,3,Month-to-month,No,Credit card (automatic),20.75,67.1
8970-ANWXO,0,0,0.1236741029941459,Low Risk,3483,Low Value,430.75690072861016,Low,No online security,Bundle online security with retention offer,23,One year,DSL,Mailed check,73.75,1756.6
1855-CFULU,0,0,0.1231961565730477,Low Risk,3460,Low Value,426.258701742745,Low,Month-to-month contract; Short tenure,Offer incentive to move to a longer-term contract; Trigger new-customer onboarding outreach,4,Month-to-month,No,Mailed check,20.05,91.45
2758-RNWXS,0,0,0.0958671532214618,Low Risk,4446,Medium Value,426.2253632226192,Low,Electronic check; Fiber optic service,Promote automatic payment enrollment,35,One year,Fiber optic,Electronic check,89.2,3251.3
6797-LNAQX,1,0,0.0885894304193015,Low Risk,4794,Medium Value,424.69772943013135,Low,Fiber optic service; No tech support; No online security; High monthly charges,Offer discounted or trial tech support; Bundle online security with retention offer; Review plan pricing or offer loyalty discount,70,Two year,Fiber optic,Bank transfer (automatic),98.3,6859.5
9906-NHHVC,0,0,0.0744081948825572,Low Risk,5693,High Value,423.6058534663982,Low,No tech support; No online security,Offer discounted or trial tech support; Bundle online security with retention offer,65,Two year,DSL,Bank transfer (automatic),53.5,3517.9
7426-WEIJX,0,0,0.0679195758523307,Low Risk,6214,High Value,422.05224434638296,Low,Month-to-month contract; Electronic check; Fiber optic service; No tech support,Offer incentive to move to a longer-term contract; Promote automatic payment enrollment; Offer discounted or trial tech support,60,Month-to-month,Fiber optic,Electronic check,80.95,4859.1
5245-VDBUR,0,0,0.076590621264016,Low Risk,5509,High Value,421.93773254346416,Low,No tech support,Offer discounted or trial tech support,52,One year,DSL,Mailed check,35.45,1958.95
8034-RYTVV,0,0,0.0734329310447342,Low Risk,5735,High Value,421.1378595415506,Low,Fiber optic service; No tech support,Offer discounted or trial tech support,55,One year,Fiber optic,Credit card (automatic),84.25,4589.85
7690-KPNCU,0,0,0.0927071624533245,Low Risk,4515,Medium Value,418.5728384767601,Low,No tech support,Offer discounted or trial tech support,64,One year,DSL,Credit card (automatic),73.05,4688.65
3694-GLTJM,0,0,0.1450332930196817,Low Risk,2878,Low Value,417.40581731064395,Low,Month-to-month contract; Short tenure,Offer incentive to move to a longer-term contract; Trigger new-customer onboarding outreach,5,Month-to-month,No,Credit card (automatic),19.65,92.05
1936-CZAKF,0,0,0.0973881920769268,Low Risk,4283,Medium Value,417.11362666547745,Low,No tech support; No online security,Offer discounted or trial tech support; Bundle online security with retention offer,49,Two year,DSL,Credit card (automatic),49.65,2409.9
2958-NHPPS,0,0,0.096126841885638,Low Risk,4263,Medium Value,409.7887269584748,Low,Month-to-month contract; Electronic check,Offer incentive to move to a longer-term contract; Promote automatic payment enrollment,23,Month-to-month,No,Electronic check,20.85,473.9
3594-IVHJZ,0,0,0.1572107534325738,Low Risk,2606,Low Value,409.6912234452873,Low,Month-to-month contract; Short tenure,Offer incentive to move to a longer-term contract; Trigger new-customer onboarding outreach,2,Month-to-month,No,Mailed check,20.45,42.45
6080-TCMYC,0,0,0.0760705528821557,Low Risk,5370,High Value,408.4988689771761,Low,Month-to-month contract; Electronic check; Fiber optic service; No tech support,Offer incentive to move to a longer-term contract; Promote automatic payment enrollment; Offer discounted or trial tech support,40,Month-to-month,Fiber optic,Electronic check,81.2,3292.3
0913-XWSCN,0,0,0.0635016726653526,Low Risk,6411,High Value,407.1092234575755,Low,Month-to-month contract; Fiber optic service; No tech support; No online security,Offer incentive to move to a longer-term contract; Offer discounted or trial tech support; Bundle online security with retention offer,55,Month-to-month,Fiber optic,Bank transfer (automatic),85.5,4713.4
9788-YTFGE,0,0,0.1221127048447414,Low Risk,3331,Low Value,406.7574198378336,Low,Month-to-month contract,Offer incentive to move to a longer-term contract,7,Month-to-month,No,Mailed check,19.95,147.5
5863-OOKCL,0,0,0.0679866777265415,Low Risk,5949,High Value,404.4527457951954,Low,Month-to-month contract,Offer incentive to move to a longer-term contract,10,Month-to-month,No,Mailed check,18.85,163.2
7159-NOKYQ,0,0,0.1009533987805443,Low Risk,4001,Low Value,403.91454852095774,Low,Electronic check; Fiber optic service; No tech support; No online security,Promote automatic payment enrollment; Offer discounted or trial tech support; Bundle online security with retention offer,67,Two year,Fiber optic,Electronic check,93.15,6368.2
0254-KCJGT,0,0,0.0857304719587572,Low Risk,4628,Medium Value,396.7606242251283,Low,No major rule-based risk factor,Personalized retention outreach,52,One year,DSL,Credit card (automatic),81.4,4354.45
8985-OOPOS,0,0,0.1367642359025163,Low Risk,2900,Low Value,396.61628411729725,Low,Short tenure; No online security,Bundle online security with retention offer; Trigger new-customer onboarding outreach,1,One year,DSL,Credit card (automatic),74.1,74.1
7928-VJYAB,0,0,0.1977920492957419,Low Risk,2004,Low Value,396.37526678866675,Low,Month-to-month contract; Electronic check; Fiber optic service; No tech support,Offer incentive to move to a longer-term contract; Promote automatic payment enrollment; Offer discounted or trial tech support,11,Month-to-month,Fiber optic,Electronic check,90.6,1020.2
5934-TSSAU,0,0,0.0667311319927552,Low Risk,5903,High Value,393.9138721532339,Low,Month-to-month contract; Fiber optic service; No tech support; No online security,Offer incentive to move to a longer-term contract; Offer discounted or trial tech support; Bundle online security with retention offer,23,Month-to-month,Fiber optic,Credit card (automatic),75.3,1702.9
8646-JCOMS,0,0,0.0787093012770176,Low Risk,4958,Medium Value,390.24071573145324,Low,Fiber optic service; No online security; High monthly charges,Bundle online security with retention offer; Review plan pricing or offer loyalty discount,66,One year,Fiber optic,Bank transfer (automatic),90.55,6130.95
9256-JTBNZ,0,0,0.0927216895540999,Low Risk,4188,Medium Value,388.31843585257036,Low,Month-to-month contract,Offer incentive to move to a longer-term contract,11,Month-to-month,No,Bank transfer (automatic),20.3,246.3
6838-HVLXG,0,0,0.0927216895540999,Low Risk,4177,Medium Value,387.2984972674753,Low,Month-to-month contract,Offer incentive to move to a longer-term contract,12,Month-to-month,No,Mailed check,20.3,246.7
5709-LVOEQ,0,0,0.1889844067434979,Low Risk,2048,Low Value,387.0400650106837,Low,Short tenure; No tech support,Offer discounted or trial tech support; Trigger new-customer onboarding outreach,0,Two year,DSL,Mailed check,80.85,0.0
2432-TFSMK,0,0,0.1705100233369071,Low Risk,2269,Low Value,386.8872429514422,Low,Fiber optic service; No tech support; No online security,Offer discounted or trial tech support; Bundle online security with retention offer,18,One year,Fiber optic,Credit card (automatic),89.6,1633.0
9313-QOLTZ,0,0,0.0655773770266172,Low Risk,5895,High Value,386.5786375719084,Low,Month-to-month contract,Offer incentive to move to a longer-term contract,26,Month-to-month,No,Mailed check,20.9,518.3
5537-UXXVS,0,0,0.0924070789822981,Low Risk,4137,Medium Value,382.2880857497672,Low,Month-to-month contract,Offer incentive to move to a longer-term contract,20,Month-to-month,No,Bank transfer (automatic),19.25,375.25
7654-YWJUF,0,0,0.0869779942541726,Low Risk,4382,Medium Value,381.1375708217843,Low,Fiber optic service,Personalized retention outreach,43,One year,Fiber optic,Bank transfer (automatic),84.25,3539.25
6773-LQTVT,0,0,0.092563192213346,Low Risk,4107,Medium Value,380.157030420212,Low,Month-to-month contract; No tech support; No online security,Offer incentive to move to a longer-term contract; Offer discounted or trial tech support; Bundle online security with retention offer,29,Month-to-month,DSL,Mailed check,35.65,1025.15
5380-WJKOV,1,0,0.1286682439726631,Low Risk,2941,Low Value,378.41330552360216,Low,Month-to-month contract; Electronic check; Fiber optic service; No tech support,Offer incentive to move to a longer-term contract; Promote automatic payment enrollment; Offer discounted or trial tech support,34,Month-to-month,Fiber optic,Electronic check,106.35,3549.25
2040-OBMLJ,0,0,0.0779703787838977,Low Risk,4850,Medium Value,378.1563371019039,Low,Fiber optic service; No online security,Bundle online security with retention offer,31,One year,Fiber optic,Credit card (automatic),81.7,2548.65
4501-UYKBC,0,0,0.0979185651668125,Low Risk,3856,Low Value,377.573987283229,Low,No online security,Bundle online security with retention offer,46,One year,DSL,Credit card (automatic),69.1,3255.35
9720-JJJOR,0,0,0.0822325752629543,Low Risk,4565,Medium Value,375.39170607538637,Low,No tech support,Offer discounted or trial tech support,41,One year,DSL,Bank transfer (automatic),60.3,2511.3
0983-TATYJ,0,0,0.0757429887914187,Low Risk,4935,Medium Value,373.7916496856513,Low,No online security,Bundle online security with retention offer,33,One year,DSL,Mailed check,51.45,1758.9
2212-LYASK,0,0,0.1802840669436228,Low Risk,2068,Low Value,372.82745043941196,Low,No tech support; No online security,Offer discounted or trial tech support; Bundle online security with retention offer,27,One year,DSL,Credit card (automatic),45.85,1246.4
4332-MUOEZ,0,0,0.144525942238849,Low Risk,2574,Low Value,372.0097753227973,Low,Fiber optic service; High monthly charges,Review plan pricing or offer loyalty discount,20,One year,Fiber optic,Credit card (automatic),94.3,1818.3
0727-BNRLG,0,0,0.0650221990039726,Low Risk,5709,High Value,371.2117341136796,Low,Fiber optic service; No online security; High monthly charges,Bundle online security with retention offer; Review plan pricing or offer loyalty discount,69,Two year,Fiber optic,Credit card (automatic),97.65,6743.55
2428-ZMCTB,0,0,0.0945406303468067,Low Risk,3926,Low Value,371.1665147415631,Low,Month-to-month contract,Offer incentive to move to a longer-term contract,10,Month-to-month,No,Credit card (automatic),19.75,208.25
9052-DHNKM,0,0,0.0716805961914491,Low Risk,5156,High Value,369.58515396311157,Low,Electronic check; No tech support,Promote automatic payment enrollment; Offer discounted or trial tech support,26,One year,DSL,Electronic check,61.55,1581.95
4489-SNOJF,1,0,0.062337570615269,Low Risk,5898,High Value,367.6669914888565,Low,Month-to-month contract; Electronic check,Offer incentive to move to a longer-term contract; Promote automatic payment enrollment,35,Month-to-month,DSL,Electronic check,72.25,2568.55
9544-PYPSJ,0,0,0.0624279114736732,Low Risk,5868,High Value,366.32698452751436,Low,Month-to-month contract; Fiber optic service; No tech support; No online security,Offer incentive to move to a longer-term contract; Offer discounted or trial tech support; Bundle online security with retention offer,62,Month-to-month,Fiber optic,Credit card (automatic),96.1,6019.35
3442-ZHHCC,0,0,0.0678001053724828,Low Risk,5355,High Value,363.06956426964535,Low,No tech support,Offer discounted or trial tech support,68,One year,DSL,Credit card (automatic),76.9,5023.0
6726-NNFWD,0,0,0.0596953329272292,Low Risk,6004,High Value,358.4107788950841,Low,Fiber optic service; No tech support; No online security,Offer discounted or trial tech support; Bundle online security with retention offer,71,Two year,Fiber optic,Credit card (automatic),89.45,6435.25
9142-XMYJH,0,0,0.0684786153952449,Low Risk,5227,High Value,357.9377226709451,Low,Month-to-month contract,Offer incentive to move to a longer-term contract,29,Month-to-month,No,Credit card (automatic),19.35,601.6
2061-VVFST,0,0,0.0911302704966195,Low Risk,3924,Low Value,357.5951814287349,Low,Month-to-month contract,Offer incentive to move to a longer-term contract,37,Month-to-month,No,Bank transfer (automatic),19.5,805.2
4947-DSMXK,0,0,0.0614800117298917,Low Risk,5789,High Value,355.907787904343,Low,Month-to-month contract; Fiber optic service; No tech support; No online security,Offer incentive to move to a longer-term contract; Offer discounted or trial tech support; Bundle online security with retention offer,34,Month-to-month,Fiber optic,Bank transfer (automatic),97.7,3410.0
3487-EARAT,0,0,0.0562327146985303,Low Risk,6325,High Value,355.6719204682041,Low,No major rule-based risk factor,Personalized retention outreach,70,One year,DSL,Credit card (automatic),74.1,5222.3
3780-YVMFA,0,0,0.1133292499368602,Low Risk,3123,Low Value,353.9272475528144,Low,Month-to-month contract; Electronic check; No online security,Offer incentive to move to a longer-term contract; Promote automatic payment enrollment; Bundle online security with retention offer,8,Month-to-month,DSL,Electronic check,68.55,564.35
3594-UVONA,1,0,0.0922550344744751,Low Risk,3833,Low Value,353.61354714066306,Low,No major rule-based risk factor,Personalized retention outreach,35,One year,DSL,Credit card (automatic),85.95,3110.1
7032-LMBHI,0,0,0.067213722061371,Low Risk,5255,High Value,353.20810943250456,Low,No tech support,Offer discounted or trial tech support,37,One year,DSL,Bank transfer (automatic),64.65,2347.85
3639-XJHKQ,0,0,0.1433468893851437,Low Risk,2463,Low Value,353.0633885556089,Low,Month-to-month contract; Electronic check; No tech support,Offer incentive to move to a longer-term contract; Promote automatic payment enrollment; Offer discounted or trial tech support,19,Month-to-month,DSL,Electronic check,60.6,1297.8
2930-UOTMB,1,0,0.0797390556848452,Low Risk,4403,Medium Value,351.0910621803734,Low,Month-to-month contract,Offer incentive to move to a longer-term contract,31,Month-to-month,DSL,Credit card (automatic),65.25,1994.3
3733-UOCWF,0,0,0.0723050822992453,Low Risk,4845,Medium Value,350.3181237398435,Low,Fiber optic service; No online security,Bundle online security with retention offer,61,One year,Fiber optic,Bank transfer (automatic),85.55,5251.75
1074-AMIOH,0,0,0.0581434285686312,Low Risk,5989,High Value,348.22099369753226,Low,Month-to-month contract; Fiber optic service; No online security; High monthly charges,Offer incentive to move to a longer-term contract; Bundle online security with retention offer; Review plan pricing or offer loyalty discount,53,Month-to-month,Fiber optic,Bank transfer (automatic),108.25,5935.1
6681-ZSEXG,0,0,0.0632752599462436,Low Risk,5477,High Value,346.5585987255762,Low,No tech support; No online security,Offer discounted or trial tech support; Bundle online security with retention offer,56,Two year,DSL,Credit card (automatic),59.5,3389.25
0373-AIVNJ,0,0,0.0922721909443473,Low Risk,3755,Low Value,346.4820769960241,Low,No tech support,Offer discounted or trial tech support,9,One year,DSL,Mailed check,39.55,373.0
1090-ESELR,0,0,0.06252168134604,Low Risk,5534,High Value,345.99498456898533,Low,Fiber optic service; High monthly charges,Review plan pricing or offer loyalty discount,72,Two year,Fiber optic,Bank transfer (automatic),105.5,7611.55
6497-TILVL,0,0,0.1113639097619181,Low Risk,3097,Low Value,344.89402853266034,Low,Month-to-month contract; No tech support,Offer incentive to move to a longer-term contract; Offer discounted or trial tech support,7,Month-to-month,DSL,Mailed check,50.7,350.35
9972-NKTFD,0,0,0.1080146973768987,Low Risk,3185,Low Value,344.02681114542236,Low,Month-to-month contract; No online security,Offer incentive to move to a longer-term contract; Bundle online security with retention offer,28,Month-to-month,DSL,Bank transfer (automatic),54.65,1517.5
7854-EKTJL,1,0,0.1207506468811663,Low Risk,2843,Low Value,343.29408908315577,Low,Month-to-month contract; Short tenure; Electronic check,Offer incentive to move to a longer-term contract; Promote automatic payment enrollment; Trigger new-customer onboarding outreach,2,Month-to-month,No,Electronic check,19.6,35.85
3115-CZMZD,0,0,0.0622735428005095,Low Risk,5504,High Value,342.7535795740043,Low,Short tenure,Trigger new-customer onboarding outreach,0,Two year,No,Mailed check,20.25,0.0
5949-EBSQK,1,0,0.1605328897761647,Low Risk,2131,Low Value,342.09558811300695,Low,Month-to-month contract; Short tenure; No online security,Offer incentive to move to a longer-term contract; Bundle online security with retention offer; Trigger new-customer onboarding outreach,4,Month-to-month,DSL,Credit card (automatic),61.45,229.55
2676-SSLTO,0,0,0.0556602242115257,Low Risk,6138,High Value,341.64245621034473,Low,No online security,Bundle online security with retention offer,49,Two year,DSL,Bank transfer (automatic),66.15,3199.0
8777-PVYGU,0,0,0.0770186468489619,Low Risk,4405,Medium Value,339.2671393696772,Low,No tech support,Offer discounted or trial tech support,52,One year,DSL,Mailed check,64.3,3410.6
1122-YJBCS,0,0,0.0555267517966138,Low Risk,6092,High Value,338.26897194497127,Low,No tech support,Offer discounted or trial tech support,69,One year,DSL,Credit card (automatic),53.65,3804.4
1629-DQQVB,0,0,0.1446313804800876,Low Risk,2331,Low Value,337.1357478990842,Low,Month-to-month contract; No tech support,Offer incentive to move to a longer-term contract; Offer discounted or trial tech support,14,Month-to-month,DSL,Bank transfer (automatic),50.1,709.5
1386-ZIKUV,0,0,0.0822699430642727,Low Risk,4097,Medium Value,337.0599567343252,Low,Month-to-month contract,Offer incentive to move to a longer-term contract,7,Month-to-month,No,Mailed check,18.95,130.55
1707-HABPF,0,0,0.1054447045509445,Low Risk,3191,Low Value,336.4740522220639,Low,Fiber optic service; No tech support; No online security; High monthly charges,Offer discounted or trial tech support; Bundle online security with retention offer; Review plan pricing or offer loyalty discount,46,One year,Fiber optic,Bank transfer (automatic),91.3,4126.35
5236-XMZJY,0,0,0.1102944118979321,Low Risk,3048,Low Value,336.17736746489703,Low,Month-to-month contract; No tech support,Offer incentive to move to a longer-term contract; Offer discounted or trial tech support,42,Month-to-month,DSL,Bank transfer (automatic),59.65,2536.55
6164-HXUGH,0,0,0.0663702855913784,Low Risk,5060,Medium Value,335.83364509237475,Low,Month-to-month contract; Short tenure,Offer incentive to move to a longer-term contract; Trigger new-customer onboarding outreach,6,Month-to-month,No,Mailed check,19.85,119.3
6713-OKOMC,0,0,0.1665718912734384,Low Risk,2013,Low Value,335.3092171334315,Low,Month-to-month contract; No tech support,Offer incentive to move to a longer-term contract; Offer discounted or trial tech support,10,Month-to-month,DSL,Mailed check,29.75,301.9
8727-XDPUD,0,0,0.0591449247641047,Low Risk,5658,High Value,334.6419843153044,Low,No tech support; No online security,Offer discounted or trial tech support; Bundle online security with retention offer,37,Two year,DSL,Credit card (automatic),35.8,1316.9
3623-FQBOX,0,0,0.0917421175854061,Low Risk,3632,Low Value,333.20737107019494,Low,Month-to-month contract,Offer incentive to move to a longer-term contract,21,Month-to-month,No,Mailed check,19.95,416.4
8378-LKJAF,0,0,0.0873333540216237,Low Risk,3738,Low Value,326.4520773328294,Low,Month-to-month contract; Fiber optic service; No tech support; No online security,Offer incentive to move to a longer-term contract; Offer discounted or trial tech support; Bundle online security with retention offer,38,Month-to-month,Fiber optic,Credit card (automatic),101.15,3956.7
6776-TLWOI,1,0,0.1511034772896587,Low Risk,2158,Low Value,326.0813039910835,Low,Month-to-month contract; Short tenure,Offer incentive to move to a longer-term contract; Trigger new-customer onboarding outreach,3,Month-to-month,No,Mailed check,19.85,64.55
2746-DIJLO,0,0,0.1088562252984268,Low Risk,2994,Low Value,325.91553854348984,Low,No tech support; No online security,Offer discounted or trial tech support; Bundle online security with retention offer,41,One year,DSL,Credit card (automatic),56.3,2364.0
3229-USWAR,0,0,0.091187576334255,Low Risk,3570,Low Value,325.5396475132904,Low,No major rule-based risk factor,Personalized retention outreach,34,One year,DSL,Bank transfer (automatic),79.95,2727.3
2368-GAKKQ,0,0,0.0502202603423766,Low Risk,6424,High Value,322.61495243942727,Low,Fiber optic service; High monthly charges,Review plan pricing or offer loyalty discount,70,Two year,Fiber optic,Bank transfer (automatic),113.65,7939.25
0979-MOZQI,0,0,0.0645140631488431,Low Risk,4987,Medium Value,321.73163292328053,Low,No online security,Bundle online security with retention offer,62,Two year,DSL,Bank transfer (automatic),39.0,2337.45
8782-NUUOL,0,0,0.0666289359995979,Low Risk,4807,Medium Value,320.28529535006714,Low,No major rule-based risk factor,Personalized retention outreach,60,One year,DSL,Mailed check,79.0,4801.1
0725-CXOTM,0,0,0.0661104441662008,Low Risk,4844,Medium Value,320.23899154107664,Low,No major rule-based risk factor,Personalized retention outreach,36,One year,DSL,Credit card (automatic),89.65,3348.1
9351-HXDMR,0,0,0.0648514908768882,Low Risk,4938,Medium Value,320.23666195007394,Low,Fiber optic service; High monthly charges,Review plan pricing or offer loyalty discount,72,Two year,Fiber optic,Credit card (automatic),110.9,8240.85
8735-NBLWT,0,0,0.0762921726853978,Low Risk,4195,Medium Value,320.0456644152438,Low,Month-to-month contract,Offer incentive to move to a longer-term contract,9,Month-to-month,No,Mailed check,20.4,184.1
2926-JEJJC,0,0,0.0630754043413558,Low Risk,5066,Medium Value,319.5399983933085,Low,No major rule-based risk factor,Personalized retention outreach,8,One year,No,Bank transfer (automatic),20.2,140.95
5297-MDOIR,0,0,0.060145530625524,Low Risk,5294,High Value,318.4104391315241,Low,Fiber optic service; No tech support,Offer discounted or trial tech support,63,One year,Fiber optic,Credit card (automatic),81.15,5224.5
1525-LNLOJ,0,0,0.0756846440103905,Low Risk,4186,Medium Value,316.81591982749467,Low,No tech support; No online security,Offer discounted or trial tech support; Bundle online security with retention offer,66,Two year,DSL,Bank transfer (automatic),63.3,4189.7
4304-TSPVK,0,0,0.0546653457023643,Low Risk,5782,High Value,316.0750288510704,Low,Fiber optic service; High monthly charges,Review plan pricing or offer loyalty discount,68,Two year,Fiber optic,Bank transfer (automatic),114.9,7843.55
6483-OATDN,0,0,0.1239456926923527,Low Risk,2545,Low Value,315.4417879020376,Low,Month-to-month contract; No tech support,Offer incentive to move to a longer-term contract; Offer discounted or trial tech support,8,Month-to-month,DSL,Credit card (automatic),51.3,411.6
0106-UGRDO,0,0,0.0747375078192196,Low Risk,4216,Medium Value,315.09333296582986,Low,Electronic check; Fiber optic service; High monthly charges,Promote automatic payment enrollment; Review plan pricing or offer loyalty discount,69,Two year,Fiber optic,Electronic check,116.0,8182.85
9040-KZVWO,0,0,0.0605456848132965,Low Risk,5184,High Value,313.8688300721291,Low,Fiber optic service; No tech support; No online security,Offer discounted or trial tech support; Bundle online security with retention offer,26,One year,Fiber optic,Bank transfer (automatic),75.5,2018.1
7191-ADRGF,0,0,0.0973881920769268,Low Risk,3222,Low Value,313.7847548718581,Low,No tech support; No online security,Offer discounted or trial tech support; Bundle online security with retention offer,44,Two year,DSL,Bank transfer (automatic),54.3,2390.45
9039-RBEEE,1,0,0.1012431756508587,Low Risk,3080,Low Value,311.8289810046448,Low,Month-to-month contract,Offer incentive to move to a longer-term contract,39,Month-to-month,DSL,Credit card (automatic),48.95,1880.85
9610-WCESF,0,0,0.0488645124783653,Low Risk,6344,High Value,309.99646716274947,Low,Electronic check,Promote automatic payment enrollment,67,Two year,DSL,Electronic check,43.9,3097.2
0134-XWXCE,0,0,0.0950034541860546,Low Risk,3253,Low Value,309.04623646723564,Low,No online security,Bundle online security with retention offer,44,One year,DSL,Bank transfer (automatic),74.85,3268.05
5651-YLPRD,0,0,0.0621775813609708,Low Risk,4970,Medium Value,309.02257936402486,Low,Month-to-month contract; Electronic check; Fiber optic service; No tech support,Offer incentive to move to a longer-term contract; Promote automatic payment enrollment; Offer discounted or trial tech support,32,Month-to-month,Fiber optic,Electronic check,86.1,2723.75
7748-UMTRK,0,0,0.1264880652535106,Low Risk,2440,Low Value,308.6308792185659,Low,Month-to-month contract; Electronic check; Fiber optic service; No online security,Offer incentive to move to a longer-term contract; Promote automatic payment enrollment; Bundle online security with retention offer,30,Month-to-month,Fiber optic,Electronic check,101.3,2974.5
6568-POCUI,0,0,0.0915462856580612,Low Risk,3363,Low Value,307.8701586680598,Low,Fiber optic service; No online security; High monthly charges,Bundle online security with retention offer; Review plan pricing or offer loyalty discount,45,Two year,Fiber optic,Credit card (automatic),95.2,4285.8
9866-OCCKE,0,0,0.0510187537645873,Low Risk,6010,High Value,306.6227101251697,Low,Fiber optic service; High monthly charges,Review plan pricing or offer loyalty discount,72,Two year,Fiber optic,Mailed check,109.75,8075.35
5049-MUBWG,0,0,0.0650130677487517,Low Risk,4705,Medium Value,305.8864837578767,Low,No major rule-based risk factor,Personalized retention outreach,26,One year,DSL,Bank transfer (automatic),75.0,1908.35
9926-PJHDQ,0,0,0.0596798630743463,Low Risk,5120,High Value,305.56089894065303,Low,No tech support; No online security,Offer discounted or trial tech support; Bundle online security with retention offer,72,Two year,DSL,Bank transfer (automatic),76.8,5468.45
1139-WUOAH,0,0,0.0555161325588623,Low Risk,5461,High Value,303.17359990394704,Low,No online security,Bundle online security with retention offer,57,Two year,DSL,Credit card (automatic),53.35,3090.05
1385-TQOZW,0,0,0.1258707998829925,Low Risk,2392,Low Value,301.082953320118,Low,Month-to-month contract,Offer incentive to move to a longer-term contract,9,Month-to-month,No,Credit card (automatic),20.45,147.55
3524-WQDSG,0,0,0.0916872824800156,Low Risk,3280,Low Value,300.7342865344512,Low,Month-to-month contract; Fiber optic service; No tech support; No online security,Offer incentive to move to a longer-term contract; Offer discounted or trial tech support; Bundle online security with retention offer,43,Month-to-month,Fiber optic,Bank transfer (automatic),99.3,4209.95
1023-BQXZE,0,0,0.0540977702262185,Low Risk,5548,High Value,300.1344292150602,Low,No tech support,Offer discounted or trial tech support,57,Two year,DSL,Bank transfer (automatic),74.35,4317.35
4973-RLZVI,0,0,0.0530993957606422,Low Risk,5616,High Value,298.2062065917666,Low,No major rule-based risk factor,Personalized retention outreach,30,One year,DSL,Credit card (automatic),74.65,2308.6
0788-DXBFY,0,0,0.0616178633509713,Low Risk,4801,Medium Value,295.8273619480132,Low,Electronic check,Promote automatic payment enrollment,58,One year,No,Electronic check,19.55,1108.8
9917-KWRBE,0,0,0.1022118552461894,Low Risk,2894,Low Value,295.8011090824721,Low,No tech support,Offer discounted or trial tech support,41,One year,DSL,Credit card (automatic),78.35,3211.2
9700-ISPUP,0,0,0.0934778998670704,Low Risk,3137,Low Value,293.24017188299985,Low,Month-to-month contract; Electronic check; No online security,Offer incentive to move to a longer-term contract; Promote automatic payment enrollment; Bundle online security with retention offer,10,Month-to-month,DSL,Electronic check,65.5,616.9
9013-AQORL,0,0,0.0710062526919278,Low Risk,4106,Medium Value,291.55167355305554,Low,Month-to-month contract; No tech support; No online security,Offer incentive to move to a longer-term contract; Offer discounted or trial tech support; Bundle online security with retention offer,48,Month-to-month,DSL,Credit card (automatic),45.55,2108.35
1218-VKFPE,1,0,0.0824296075798404,Low Risk,3535,Low Value,291.3886627947358,Low,Month-to-month contract,Offer incentive to move to a longer-term contract,12,Month-to-month,No,Mailed check,19.0,233.55
4039-PIMHX,0,0,0.0675584233322325,Low Risk,4306,Medium Value,290.9065708685931,Low,No tech support; No online security,Offer discounted or trial tech support; Bundle online security with retention offer,49,Two year,DSL,Mailed check,49.8,2398.4
2159-TURXX,0,0,0.1166096432097625,Low Risk,2483,Low Value,289.5417440898403,Low,Month-to-month contract; Short tenure,Offer incentive to move to a longer-term contract; Trigger new-customer onboarding outreach,5,Month-to-month,No,Credit card (automatic),20.05,95.55
6872-HXFNF,0,0,0.0538221288341337,Low Risk,5331,High Value,286.9257688147668,Low,No online security,Bundle online security with retention offer,64,One year,DSL,Bank transfer (automatic),58.35,3756.45
7803-XOCCZ,0,0,0.0470052526372135,Low Risk,6099,High Value,286.6850358343651,Low,Month-to-month contract; Fiber optic service,Offer incentive to move to a longer-term contract,52,Month-to-month,Fiber optic,Bank transfer (automatic),84.05,4326.8
0074-HDKDG,0,0,0.0752816333272456,Low Risk,3807,Low Value,286.59717807682404,Low,No tech support,Offer discounted or trial tech support,25,One year,DSL,Bank transfer (automatic),61.6,1611.0
4648-YPBTM,0,0,0.0505524611680702,Low Risk,5644,High Value,285.3180908325882,Low,No online security,Bundle online security with retention offer,53,Two year,DSL,Bank transfer (automatic),73.9,3958.25
3077-RSNTJ,0,0,0.0663702855913784,Low Risk,4293,Medium Value,284.9276360437875,Low,Month-to-month contract; Short tenure,Offer incentive to move to a longer-term contract; Trigger new-customer onboarding outreach,6,Month-to-month,No,Mailed check,19.7,113.5
4946-EDSEW,1,0,0.0504430645742696,Low Risk,5638,High Value,284.397998069732,Low,Month-to-month contract,Offer incentive to move to a longer-term contract,11,Month-to-month,No,Mailed check,19.25,180.3
1492-QGCLU,0,0,0.0474464303281885,Low Risk,5957,High Value,282.6383854650189,Low,Month-to-month contract; Electronic check,Offer incentive to move to a longer-term contract; Promote automatic payment enrollment,53,Month-to-month,DSL,Electronic check,85.7,4616.1
5161-XEUVX,0,0,0.108073420657062,Low Risk,2615,Low Value,282.61199501821716,Low,Fiber optic service; No online security; High monthly charges,Bundle online security with retention offer; Review plan pricing or offer loyalty discount,37,Two year,Fiber optic,Mailed check,94.3,3460.95
7492-TAFJD,0,0,0.0841836881059816,Low Risk,3345,Low Value,281.59443671450845,Low,No tech support,Offer discounted or trial tech support,7,Two year,DSL,Mailed check,38.55,280.0
4137-JOPHL,0,0,0.0528015859175593,Low Risk,5306,High Value,280.16521487856966,Low,Fiber optic service; No online security,Bundle online security with retention offer,50,Two year,Fiber optic,Bank transfer (automatic),89.7,4304.5
9822-BIIGN,0,0,0.0570882104343418,Low Risk,4903,Medium Value,279.9034957595778,Low,Month-to-month contract; Electronic check,Offer incentive to move to a longer-term contract; Promote automatic payment enrollment,53,Month-to-month,DSL,Electronic check,71.85,3827.9
4717-GHADL,0,0,0.0496723858063469,Low Risk,5592,High Value,277.76798142909183,Low,No online security,Bundle online security with retention offer,50,Two year,DSL,Mailed check,79.6,4024.2
2250-IVBWA,0,0,0.0533381500420411,Low Risk,5168,High Value,275.6515594172684,Low,Month-to-month contract; Electronic check; Fiber optic service; No tech support,Offer incentive to move to a longer-term contract; Promote automatic payment enrollment; Offer discounted or trial tech support,64,Month-to-month,Fiber optic,Electronic check,81.05,5135.35
0997-YTLNY,0,0,0.0731140216924825,Low Risk,3749,Low Value,274.1044673251169,Low,Month-to-month contract; No online security,Offer incentive to move to a longer-term contract; Bundle online security with retention offer,19,Month-to-month,DSL,Mailed check,48.8,953.65
9364-YKUVW,0,0,0.1021005383101907,Low Risk,2681,Low Value,273.73154320962124,Low,Month-to-month contract,Offer incentive to move to a longer-term contract,15,Month-to-month,No,Mailed check,19.8,309.4
5025-GOOKI,0,0,0.0638361999155217,Low Risk,4277,Medium Value,273.0274270386863,Low,Month-to-month contract,Offer incentive to move to a longer-term contract,20,Month-to-month,No,Credit card (automatic),18.9,347.65
6953-PBDIN,0,0,0.0421159090187134,Low Risk,6466,High Value,272.32146771500084,Low,No online security,Bundle online security with retention offer,70,Two year,DSL,Bank transfer (automatic),72.95,5265.55
0048-PIHNL,0,0,0.0449043647118276,Low Risk,6061,High Value,272.16535451838706,Low,No major rule-based risk factor,Personalized retention outreach,49,One year,No,Bank transfer (automatic),20.45,900.9
7649-PHJVR,0,0,0.0466952585468794,Low Risk,5825,High Value,271.9998810355725,Low,No major rule-based risk factor,Personalized retention outreach,11,One year,No,Mailed check,19.5,226.8
9220-ZNKJI,0,0,0.0629553554961905,Low Risk,4291,Medium Value,270.1414304341534,Low,Fiber optic service; No online security,Bundle online security with retention offer,55,Two year,Fiber optic,Credit card (automatic),88.8,4805.3
4223-BKEOR,0,0,0.0817743578105726,Low Risk,3302,Low Value,270.01892949051074,Low,No tech support,Offer discounted or trial tech support,21,One year,DSL,Mailed check,64.85,1336.8
8024-XNAFQ,0,0,0.0508620783632065,Low Risk,5294,High Value,269.2638428548152,Low,Fiber optic service; High monthly charges,Review plan pricing or offer loyalty discount,72,Two year,Fiber optic,Bank transfer (automatic),107.4,7748.75
2907-ILJBN,0,0,0.0654055429431514,Low Risk,4047,Medium Value,264.6962322909337,Low,No major rule-based risk factor,Personalized retention outreach,11,One year,No,Mailed check,20.6,233.9
8401-EMUWF,0,0,0.0557870102387223,Low Risk,4701,Medium Value,262.2547351322335,Low,Month-to-month contract; No tech support,Offer incentive to move to a longer-term contract; Offer discounted or trial tech support,42,Month-to-month,DSL,Bank transfer (automatic),69.4,3058.3
2239-CFOUJ,0,0,0.057606222926808,Low Risk,4540,Medium Value,261.5322520877083,Low,Short tenure,Trigger new-customer onboarding outreach,1,One year,No,Mailed check,20.4,20.4
6933-FHBZC,0,0,0.08396124452403,Low Risk,3079,Low Value,258.5166718894884,Low,No tech support; No online security,Offer discounted or trial tech support; Bundle online security with retention offer,26,One year,DSL,Mailed check,56.05,1553.2
2245-ADZFJ,0,0,0.0739369718624044,Low Risk,3491,Low Value,258.1139687716538,Low,No online security,Bundle online security with retention offer,31,Two year,DSL,Bank transfer (automatic),80.55,2471.6
3705-PSNGL,1,0,0.0473345236148013,Low Risk,5398,High Value,255.5117584726974,Low,Electronic check,Promote automatic payment enrollment,45,One year,No,Electronic check,20.4,930.45
3530-VWVGU,0,0,0.0451484181086545,Low Risk,5657,High Value,255.4046012406585,Low,Month-to-month contract,Offer incentive to move to a longer-term contract,22,Month-to-month,No,Mailed check,19.9,400.3
5442-BXVND,0,0,0.0461678183029793,Low Risk,5531,High Value,255.3542030337785,Low,Month-to-month contract,Offer incentive to move to a longer-term contract,33,Month-to-month,No,Bank transfer (automatic),24.25,838.5
6461-PPAXN,0,0,0.0525051211236604,Low Risk,4858,Medium Value,255.06987841874223,Low,No major rule-based risk factor,Personalized retention outreach,35,One year,DSL,Bank transfer (automatic),54.95,1916.0
0628-CNQRM,1,0,0.0746614936222688,Low Risk,3378,Low Value,252.20652545602402,Low,No major rule-based risk factor,Personalized retention outreach,22,One year,DSL,Bank transfer (automatic),67.5,1544.05
9073-ZZIAY,0,0,0.0435774733875404,Low Risk,5769,High Value,251.39844397272057,Low,Electronic check,Promote automatic payment enrollment,62,Two year,DSL,Electronic check,86.1,5215.25
8741-LQOBK,0,0,0.051915252884684,Low Risk,4829,Medium Value,250.69875618013904,Low,Month-to-month contract; No tech support,Offer incentive to move to a longer-term contract; Offer discounted or trial tech support,46,Month-to-month,DSL,Bank transfer (automatic),35.05,1620.25
9359-UGBTK,0,0,0.0508614479499352,Low Risk,4910,Medium Value,249.7297094341818,Low,No major rule-based risk factor,Personalized retention outreach,67,One year,DSL,Bank transfer (automatic),72.35,4991.5
7061-OVMIM,0,0,0.047927282787846,Low Risk,5203,High Value,249.36565234516274,Low,No major rule-based risk factor,Personalized retention outreach,30,One year,No,Bank transfer (automatic),19.55,608.5
0377-JBKKT,0,0,0.0493718461943498,Low Risk,5036,Medium Value,248.63661743474557,Low,Month-to-month contract,Offer incentive to move to a longer-term contract,22,Month-to-month,DSL,Mailed check,57.95,1271.8
3766-EJLFL,0,0,0.0387095388312427,Low Risk,6391,High Value,247.3926626704721,Low,Fiber optic service; High monthly charges,Review plan pricing or offer loyalty discount,68,Two year,Fiber optic,Bank transfer (automatic),109.05,7508.55
5155-AZQPB,0,0,0.0468578977523803,Low Risk,5250,High Value,246.00396319999658,Low,Month-to-month contract; No tech support; No online security,Offer incentive to move to a longer-term contract; Offer discounted or trial tech support; Bundle online security with retention offer,28,Month-to-month,DSL,Mailed check,49.9,1410.25
9473-CBZOP,0,0,0.0502415384744822,Low Risk,4891,Medium Value,245.73136467869244,Low,No tech support,Offer discounted or trial tech support,28,One year,DSL,Mailed check,59.0,1654.45
7581-EBBOU,0,0,0.057666221008783,Low Risk,4260,Medium Value,245.65810149741557,Low,No online security,Bundle online security with retention offer,60,One year,DSL,Credit card (automatic),70.15,4224.7
5671-RQRLP,0,0,0.0587505677468425,Low Risk,4181,Medium Value,245.6361237495485,Low,Fiber optic service; No tech support; No online security,Offer discounted or trial tech support; Bundle online security with retention offer,70,Two year,Fiber optic,Credit card (automatic),75.65,5411.4
5170-PTRKA,0,0,0.0502947292243169,Low Risk,4865,Medium Value,244.68385767630173,Low,No major rule-based risk factor,Personalized retention outreach,49,One year,DSL,Credit card (automatic),35.8,1782.0
0019-EFAEP,0,0,0.0443711657605742,Low Risk,5513,High Value,244.61823683804556,Low,Fiber optic service; No tech support; High monthly charges,Offer discounted or trial tech support; Review plan pricing or offer loyalty discount,72,Two year,Fiber optic,Bank transfer (automatic),101.3,7261.25
3181-MIZBN,0,0,0.0664470739206106,Low Risk,3677,Low Value,244.32589080608517,Low,Month-to-month contract; Electronic check,Offer incentive to move to a longer-term contract; Promote automatic payment enrollment,16,Month-to-month,No,Electronic check,19.75,313.4
5701-GUXDC,0,0,0.096962485828694,Low Risk,2519,Low Value,244.2485018024802,Low,No tech support,Offer discounted or trial tech support,26,One year,DSL,Credit card (automatic),35.4,978.6
4825-FUREZ,0,0,0.0406177335016047,Low Risk,5940,High Value,241.2693369995319,Low,Electronic check,Promote automatic payment enrollment,42,Two year,No,Electronic check,20.25,835.5
0608-JDVEC,0,0,0.0406177335016047,Low Risk,5914,High Value,240.2132759284902,Low,Electronic check,Promote automatic payment enrollment,50,Two year,No,Electronic check,19.8,1013.2
2812-REYAT,0,0,0.0429324250380535,Low Risk,5579,High Value,239.5199992873005,Low,No major rule-based risk factor,Personalized retention outreach,49,One year,No,Bank transfer (automatic),20.05,923.1
0052-YNYOT,0,0,0.0436746827214863,Low Risk,5462,High Value,238.55111702475818,Low,Electronic check,Promote automatic payment enrollment,67,One year,No,Electronic check,20.55,1343.4
4709-LKHYG,0,0,0.0625249960000163,Low Risk,3800,Low Value,237.59498480006195,Low,Electronic check,Promote automatic payment enrollment,29,One year,No,Electronic check,20.0,540.05
0230-UBYPQ,0,0,0.0462476072932172,Low Risk,5089,High Value,235.3540735151823,Low,No major rule-based risk factor,Personalized retention outreach,63,One year,DSL,Bank transfer (automatic),36.1,2298.9
6685-GBWJZ,0,0,0.045909646931,Low Risk,5114,High Value,234.781934405134,Low,No major rule-based risk factor,Personalized retention outreach,63,One year,DSL,Credit card (automatic),70.8,4448.8
9070-BCKQP,0,0,0.0521858903399968,Low Risk,4498,Medium Value,234.7321347493056,Low,Fiber optic service; High monthly charges,Review plan pricing or offer loyalty discount,72,Two year,Fiber optic,Credit card (automatic),110.15,7881.2
2834-JKOOW,0,0,0.0649005235444455,Low Risk,3572,Low Value,231.82467010075933,Low,No major rule-based risk factor,Personalized retention outreach,15,One year,DSL,Mailed check,45.9,693.45
8390-FESFV,0,0,0.042309543023961,Low Risk,5466,High Value,231.2639621689708,Low,No online security,Bundle online security with retention offer,62,Two year,DSL,Bank transfer (automatic),84.5,5193.2
4353-HYOJD,0,0,0.0414265010815415,Low Risk,5580,High Value,231.15987603500156,Low,Month-to-month contract; No tech support; No online security,Offer incentive to move to a longer-term contract; Offer discounted or trial tech support; Bundle online security with retention offer,27,Month-to-month,DSL,Mailed check,49.85,1336.15
0420-TXVSG,0,0,0.0389446300855812,Low Risk,5933,High Value,231.05849029775328,Low,No tech support,Offer discounted or trial tech support,66,Two year,DSL,Credit card (automatic),66.1,4428.45
7919-ZODZZ,0,0,0.0434814220074608,Low Risk,5289,High Value,229.97324099746018,Low,No tech support; No online security,Offer discounted or trial tech support; Bundle online security with retention offer,10,One year,DSL,Mailed check,65.9,660.05
0297-RBCSG,0,0,0.1120732532576562,Low Risk,2051,Low Value,229.86224243145287,Low,No online security,Bundle online security with retention offer,19,One year,DSL,Bank transfer (automatic),65.35,1231.85
1952-DVVSW,0,0,0.0654055429431514,Low Risk,3509,Low Value,229.50805018751828,Low,No major rule-based risk factor,Personalized retention outreach,10,One year,No,Mailed check,20.1,184.4
6418-HNFED,0,0,0.04294097576813,Low Risk,5340,High Value,229.3048106018142,Low,No major rule-based risk factor,Personalized retention outreach,51,Two year,DSL,Credit card (automatic),83.25,4089.45
7401-JIXNM,0,0,0.0387530570699116,Low Risk,5907,High Value,228.9143081119678,Low,High monthly charges,Review plan pricing or offer loyalty discount,54,Two year,DSL,Credit card (automatic),91.3,4965.0
4751-ERMAN,0,0,0.0547749755219486,Low Risk,4171,Medium Value,228.4664229020476,Low,No tech support; No online security,Offer discounted or trial tech support; Bundle online security with retention offer,72,Two year,DSL,Bank transfer (automatic),75.4,5480.25
6919-ELBGL,0,0,0.0363802995686182,Low Risk,6268,High Value,228.03171769609887,Low,Fiber optic service; High monthly charges,Review plan pricing or offer loyalty discount,72,Two year,Fiber optic,Bank transfer (automatic),114.95,8196.4
5753-QQWPW,0,0,0.0551425488462847,Low Risk,4131,Medium Value,227.7938692840021,Low,Electronic check,Promote automatic payment enrollment,28,One year,DSL,Electronic check,59.9,1654.7
8573-JGCZW,0,0,0.0475044281066857,Low Risk,4774,Medium Value,226.78613978131756,Low,No major rule-based risk factor,Personalized retention outreach,17,One year,No,Bank transfer (automatic),19.65,351.55
7359-WWYJV,0,0,0.0361395602598221,Low Risk,6274,High Value,226.73960107012388,Low,Fiber optic service; High monthly charges,Review plan pricing or offer loyalty discount,72,Two year,Fiber optic,Credit card (automatic),114.45,8375.05
2088-IEBAU,0,0,0.0408518485823439,Low Risk,5531,High Value,225.9515745089441,Low,Electronic check,Promote automatic payment enrollment,68,Two year,DSL,Electronic check,88.15,6148.45
3567-PQTSO,0,0,0.0353944375130214,Low Risk,6365,High Value,225.28559477038118,Low,Electronic check; Fiber optic service; No tech support; No online security,Promote automatic payment enrollment; Offer discounted or trial tech support; Bundle online security with retention offer,53,One year,Fiber optic,Electronic check,105.25,5576.3
6194-HBGQN,0,0,0.049503128277944,Low Risk,4549,Medium Value,225.18973053636725,Low,No major rule-based risk factor,Personalized retention outreach,51,One year,DSL,Credit card (automatic),81.15,4126.2
6223-DHJGV,0,0,0.0377632962202193,Low Risk,5956,High Value,224.91819228762617,Low,No major rule-based risk factor,Personalized retention outreach,42,One year,No,Mailed check,20.65,958.1
6388-TABGU,0,0,0.0493773143045261,Low Risk,4529,Medium Value,223.6298564851987,Low,No tech support,Offer discounted or trial tech support,62,One year,DSL,Bank transfer (automatic),56.15,3487.95
0513-RBGPE,0,0,0.0424593402509984,Low Risk,5229,High Value,222.01989017247064,Low,No major rule-based risk factor,Personalized retention outreach,37,Two year,DSL,Credit card (automatic),62.8,2278.75
8181-YHCMF,0,0,0.0455454319936722,Low Risk,4864,Medium Value,221.53298121722156,Low,No online security,Bundle online security with retention offer,68,Two year,DSL,Credit card (automatic),60.3,4109.0
8570-KLJYJ,0,0,0.0494149652145841,Low Risk,4462,Medium Value,220.48957478747425,Low,No tech support,Offer discounted or trial tech support,36,One year,DSL,Mailed check,54.45,1893.5
4560-WQAQW,0,0,0.0517015231752302,Low Risk,4244,Medium Value,219.42126435567695,Low,No major rule-based risk factor,Personalized retention outreach,59,One year,DSL,Bank transfer (automatic),68.7,4070.95
0257-KXZGU,0,0,0.0402820267108178,Low Risk,5442,High Value,219.21478936027046,Low,Month-to-month contract; No tech support; No online security,Offer incentive to move to a longer-term contract; Offer discounted or trial tech support; Bundle online security with retention offer,32,Month-to-month,DSL,Bank transfer (automatic),62.45,2045.55
5893-PYOLZ,0,0,0.0497573076467868,Low Risk,4399,Medium Value,218.88239633821513,Low,No online security,Bundle online security with retention offer,56,Two year,DSL,Credit card (automatic),81.8,4534.45
4654-ULTTN,0,0,0.0336599105160108,Low Risk,6447,High Value,217.00544309672162,Low,No major rule-based risk factor,Personalized retention outreach,70,Two year,DSL,Credit card (automatic),74.8,5315.8
4737-HOBAX,0,0,0.0528201231062122,Low Risk,4073,Medium Value,215.1363614116023,Low,No online security,Bundle online security with retention offer,63,Two year,DSL,Credit card (automatic),79.8,5034.05
8400-WZICQ,0,0,0.0516828624761036,Low Risk,4149,Medium Value,214.43219641335384,Low,Month-to-month contract; Electronic check; No tech support,Offer incentive to move to a longer-term contract; Promote automatic payment enrollment; Offer discounted or trial tech support,55,Month-to-month,DSL,Electronic check,55.7,3131.8
3649-JPUGY,0,0,0.0362425295349576,Low Risk,5842,High Value,211.72885754322232,Low,No online security,Bundle online security with retention offer,72,Two year,DSL,Bank transfer (automatic),88.6,6201.95
9339-FIIJL,0,0,0.0327764373340171,Low Risk,6450,High Value,211.40802080441028,Low,No online security,Bundle online security with retention offer,72,Two year,DSL,Bank transfer (automatic),85.95,6151.9
4359-INNWN,0,0,0.0437284600538861,Low Risk,4828,Medium Value,211.12100514016208,Low,No major rule-based risk factor,Personalized retention outreach,17,One year,No,Credit card (automatic),20.05,337.9
0707-HOVVN,0,0,0.0347994822611481,Low Risk,6024,High Value,209.63208114115616,Low,No online security,Bundle online security with retention offer,70,Two year,DSL,Bank transfer (automatic),75.5,5212.65
6814-ZPWFQ,0,0,0.0353241103759536,Low Risk,5896,High Value,208.27095477662243,Low,No major rule-based risk factor,Personalized retention outreach,51,One year,No,Bank transfer (automatic),25.0,1260.7
7266-GSSJX,0,0,0.0798386138040255,Low Risk,2606,Low Value,208.05942757329046,Low,Month-to-month contract; Electronic check,Offer incentive to move to a longer-term contract; Promote automatic payment enrollment,11,Month-to-month,No,Electronic check,20.45,250.8
7375-WMVMT,0,0,0.0324415491859681,Low Risk,6412,High Value,208.01521338042747,Low,Fiber optic service; No online security; High monthly charges,Bundle online security with retention offer; Review plan pricing or offer loyalty discount,71,Two year,Fiber optic,Credit card (automatic),95.5,6707.15
0866-QLSIR,1,0,0.0399528234252801,Low Risk,5189,High Value,207.31520075377844,Low,No major rule-based risk factor,Personalized retention outreach,34,One year,DSL,Mailed check,64.4,2088.75
4830-FAXFM,0,0,0.0867480198905132,Low Risk,2378,Low Value,206.28679129964038,Low,Month-to-month contract,Offer incentive to move to a longer-term contract,19,Month-to-month,No,Credit card (automatic),24.1,439.2
7572-KPVKK,0,0,0.0348646101169268,Low Risk,5900,High Value,205.7011996898681,Low,Electronic check; Fiber optic service; No online security; High monthly charges,Promote automatic payment enrollment; Bundle online security with retention offer; Review plan pricing or offer loyalty discount,62,Two year,Fiber optic,Electronic check,104.05,6590.5
0121-SNYRK,0,0,0.0406648992163078,Low Risk,5052,Medium Value,205.43907084078702,Low,No major rule-based risk factor,Personalized retention outreach,50,One year,DSL,Mailed check,35.4,1748.9
5014-WUQMG,0,0,0.0353983957927357,Low Risk,5793,High Value,205.06290682731793,Low,Electronic check; Fiber optic service; No tech support; High monthly charges,Promote automatic payment enrollment; Offer discounted or trial tech support; Review plan pricing or offer loyalty discount,47,One year,Fiber optic,Electronic check,96.1,4391.45
5514-YQENT,0,0,0.0405665187572496,Low Risk,5038,Medium Value,204.3741214990235,Low,Electronic check; Fiber optic service; High monthly charges,Promote automatic payment enrollment; Review plan pricing or offer loyalty discount,41,Two year,Fiber optic,Electronic check,111.15,4507.15
2294-DMMUS,0,0,0.0404093111898646,Low Risk,5057,Medium Value,204.34988668714527,Low,Month-to-month contract; No tech support; No online security,Offer incentive to move to a longer-term contract; Offer discounted or trial tech support; Bundle online security with retention offer,62,Month-to-month,DSL,Credit card (automatic),70.45,4300.45
7677-SJJJK,0,0,0.0647910663582136,Low Risk,3152,Low Value,204.22144116108927,Low,No major rule-based risk factor,Personalized retention outreach,8,One year,No,Credit card (automatic),19.9,153.95
8345-MVDYC,0,0,0.0343163119832667,Low Risk,5937,High Value,203.7359442446544,Low,No major rule-based risk factor,Personalized retention outreach,45,Two year,DSL,Bank transfer (automatic),81.65,3618.7
5505-OVWQW,0,0,0.0437284600538861,Low Risk,4650,Medium Value,203.33733925057038,Low,No major rule-based risk factor,Personalized retention outreach,17,One year,No,Mailed check,20.15,353.65
7666-WKRON,1,0,0.0913152405875689,Low Risk,2224,Low Value,203.08509506675324,Low,Electronic check; Fiber optic service; No online security,Promote automatic payment enrollment; Bundle online security with retention offer,39,Two year,Fiber optic,Electronic check,80.45,3201.55
2091-MJTFX,1,0,0.0440108868596098,Low Risk,4568,Medium Value,201.04173117469756,Low,Month-to-month contract; No online security,Offer incentive to move to a longer-term contract; Bundle online security with retention offer,30,Month-to-month,DSL,Credit card (automatic),51.2,1561.5
4121-AGSIN,0,0,0.0445057016822655,Low Risk,4455,Medium Value,198.2729009944928,Low,No major rule-based risk factor,Personalized retention outreach,58,One year,No,Credit card (automatic),24.5,1497.9
1395-OFUWC,0,0,0.0415336546120586,Low Risk,4741,Medium Value,196.91105651576984,Low,Month-to-month contract; No tech support; No online security,Offer incentive to move to a longer-term contract; Offer discounted or trial tech support; Bundle online security with retention offer,43,Month-to-month,DSL,Credit card (automatic),29.3,1224.05
6682-QJDGB,1,0,0.0699701954374849,Low Risk,2810,Low Value,196.61624917933256,Low,Month-to-month contract; No tech support,Offer incentive to move to a longer-term contract; Offer discounted or trial tech support,40,Month-to-month,DSL,Mailed check,55.25,2139.2
9860-LISIZ,0,0,0.0684786153952449,Low Risk,2864,Low Value,196.1227544919814,Low,Month-to-month contract,Offer incentive to move to a longer-term contract,34,Month-to-month,No,Mailed check,20.35,673.2
0379-DJQHR,0,0,0.0464807059665071,Low Risk,4219,Medium Value,196.10209847269346,Low,No tech support,Offer discounted or trial tech support,67,Two year,DSL,Credit card (automatic),81.35,5398.6
1036-GUDCL,0,0,0.037141404772911,Low Risk,5275,High Value,195.92091017710553,Low,Month-to-month contract,Offer incentive to move to a longer-term contract,60,Month-to-month,DSL,Credit card (automatic),79.05,4663.4
5318-YKDPV,0,0,0.0525102608392362,Low Risk,3716,Low Value,195.1281292786017,Low,No major rule-based risk factor,Personalized retention outreach,43,Two year,DSL,Credit card (automatic),79.15,3566.6
2320-TZRRH,0,0,0.0415019663619505,Low Risk,4700,Medium Value,195.05924190116735,Low,No major rule-based risk factor,Personalized retention outreach,20,One year,No,Mailed check,19.5,403.15
6288-CHQJB,0,0,0.0383302863718987,Low Risk,5077,High Value,194.60286391012968,Low,No major rule-based risk factor,Personalized retention outreach,54,Two year,DSL,Bank transfer (automatic),69.95,3871.85
7669-LCRSD,0,0,0.0943609910993288,Low Risk,2047,Low Value,193.15694878032605,Low,Month-to-month contract; No tech support; No online security,Offer incentive to move to a longer-term contract; Offer discounted or trial tech support; Bundle online security with retention offer,12,Month-to-month,DSL,Mailed check,56.3,628.65
3489-VSFRD,0,0,0.0396002172637747,Low Risk,4835,Medium Value,191.46705047035067,Low,No major rule-based risk factor,Personalized retention outreach,56,One year,DSL,Credit card (automatic),60.25,3282.75
9824-QCJPK,0,0,0.0458538842324278,Low Risk,4175,Medium Value,191.43996667038604,Low,No major rule-based risk factor,Personalized retention outreach,36,One year,No,Mailed check,20.0,666.75
8717-VCTXJ,0,0,0.0361129268739218,Low Risk,5293,High Value,191.1457219436681,Low,No major rule-based risk factor,Personalized retention outreach,42,One year,No,Mailed check,19.55,839.4
9968-FFVVH,0,0,0.0375804860539395,Low Risk,5082,High Value,190.98403012612056,Low,No major rule-based risk factor,Personalized retention outreach,63,One year,DSL,Bank transfer (automatic),68.8,4111.35
5820-PTRYM,0,0,0.0437024724152041,Low Risk,4368,Medium Value,190.8923995096115,Low,No major rule-based risk factor,Personalized retention outreach,56,One year,DSL,Credit card (automatic),68.45,4014.0
6322-HRPFA,0,0,0.0379172124893633,Low Risk,4986,Medium Value,189.0552214719654,Low,Month-to-month contract,Offer incentive to move to a longer-term contract,49,Month-to-month,DSL,Credit card (automatic),59.6,2970.3
3948-FVVRP,0,0,0.0662013594361586,Low Risk,2848,Low Value,188.5414716741797,Low,Month-to-month contract; No online security,Offer incentive to move to a longer-term contract; Bundle online security with retention offer,9,Month-to-month,DSL,Mailed check,54.8,452.8
3750-YHRYO,0,0,0.065509676785057,Low Risk,2874,Low Value,188.2748110802538,Low,No major rule-based risk factor,Personalized retention outreach,7,One year,No,Mailed check,20.65,150.0
3400-ESFUW,1,0,0.0344320524724258,Low Risk,5463,High Value,188.10230265686212,Low,No major rule-based risk factor,Personalized retention outreach,55,Two year,DSL,Bank transfer (automatic),57.55,3046.4
2188-SXWVT,0,0,0.0466676762724889,Low Risk,4027,Medium Value,187.9307323493128,Low,No tech support,Offer discounted or trial tech support,34,One year,DSL,Mailed check,55.0,1885.15
1131-ALZWV,0,0,0.0453164701842278,Low Risk,4147,Medium Value,187.92740185399268,Low,No major rule-based risk factor,Personalized retention outreach,24,One year,No,Bank transfer (automatic),24.6,605.25
1174-FGIFN,0,0,0.0321478074466898,Low Risk,5823,High Value,187.1966827620747,Low,Electronic check; Fiber optic service; No online security; High monthly charges,Promote automatic payment enrollment; Bundle online security with retention offer; Review plan pricing or offer loyalty discount,28,One year,Fiber optic,Electronic check,90.45,2509.25
9844-FELAJ,0,0,0.0316691670817296,Low Risk,5899,High Value,186.8164166151229,Low,Electronic check; Fiber optic service; No online security; High monthly charges,Promote automatic payment enrollment; Bundle online security with retention offer; Review plan pricing or offer loyalty discount,70,One year,Fiber optic,Electronic check,107.9,7475.85
0076-LVEPS,0,0,0.0563992023129062,Low Risk,3290,Low Value,185.5533756094614,Low,Month-to-month contract,Offer incentive to move to a longer-term contract,29,Month-to-month,DSL,Mailed check,45.0,1242.45
9637-CDTKZ,0,0,0.0372256940841328,Low Risk,4965,Medium Value,184.82557112771937,Low,Fiber optic service; High monthly charges,Review plan pricing or offer loyalty discount,72,Two year,Fiber optic,Credit card (automatic),114.1,8086.4
5018-LXQQG,0,0,0.0398526887925465,Low Risk,4631,Medium Value,184.55780179828284,Low,Month-to-month contract,Offer incentive to move to a longer-term contract,30,Month-to-month,DSL,Bank transfer (automatic),66.3,1923.5
3324-OIRTO,0,0,0.0302347351071457,Low Risk,6101,High Value,184.46211888869593,Low,Fiber optic service; No tech support; High monthly charges,Offer discounted or trial tech support; Review plan pricing or offer loyalty discount,71,One year,Fiber optic,Bank transfer (automatic),104.65,7288.4
8430-TWCBX,0,0,0.0449043647118276,Low Risk,4074,Medium Value,182.94038183598565,Low,No major rule-based risk factor,Personalized retention outreach,49,One year,No,Credit card (automatic),20.7,1032.05
3780-DDGSE,0,0,0.0333824679669657,Low Risk,5479,High Value,182.90254199100508,Low,Month-to-month contract; Electronic check; No online security,Offer incentive to move to a longer-term contract; Promote automatic payment enrollment; Bundle online security with retention offer,35,Month-to-month,DSL,Electronic check,76.05,2747.2
6598-RFFVI,1,0,0.0796480250660144,Low Risk,2279,Low Value,181.51784912544682,Low,Short tenure,Trigger new-customer onboarding outreach,2,One year,No,Credit card (automatic),19.3,28.3
7338-ERIVA,0,0,0.0452898119973616,Low Risk,4003,Medium Value,181.2951174254385,Low,No major rule-based risk factor,Personalized retention outreach,39,One year,DSL,Bank transfer (automatic),45.05,1790.6
0559-CKHUS,0,0,0.0314482243510932,Low Risk,5758,High Value,181.07887581359464,Low,No major rule-based risk factor,Personalized retention outreach,29,Two year,No,Mailed check,19.55,521.8
7560-QJAVJ,0,0,0.0329719279878489,Low Risk,5474,High Value,180.48833380548487,Low,No major rule-based risk factor,Personalized retention outreach,70,Two year,DSL,Bank transfer (automatic),79.6,5589.45
6473-ULUHT,0,0,0.0794649038701246,Low Risk,2269,Low Value,180.3058668813127,Low,Month-to-month contract; Electronic check,Offer incentive to move to a longer-term contract; Promote automatic payment enrollment,16,Month-to-month,DSL,Electronic check,84.9,1398.25
4376-KFVRS,0,0,0.0372256940841328,Low Risk,4842,Medium Value,180.24681075537103,Low,Fiber optic service; High monthly charges,Review plan pricing or offer loyalty discount,72,Two year,Fiber optic,Credit card (automatic),114.05,8468.2
2987-BJXIK,0,0,0.0429676809538214,Low Risk,4180,Medium Value,179.60490638697345,Low,No tech support,Offer discounted or trial tech support,70,Two year,DSL,Mailed check,84.7,5991.05
4937-QPZPO,0,0,0.0315085435287937,Low Risk,5641,High Value,177.7396940459253,Low,Electronic check; Fiber optic service; No tech support; No online security,Promote automatic payment enrollment; Offer discounted or trial tech support; Bundle online security with retention offer,61,One year,Fiber optic,Electronic check,99.9,6241.35
8626-PTQGE,0,0,0.0329592933814631,Low Risk,5388,High Value,177.58467273932317,Low,No major rule-based risk factor,Personalized retention outreach,69,Two year,DSL,Bank transfer (automatic),60.05,4176.7
4500-HKANN,0,0,0.0511431066455592,Low Risk,3464,Low Value,177.15972142021707,Low,No online security,Bundle online security with retention offer,23,Two year,DSL,Mailed check,59.7,1414.2
5313-FPXWG,0,0,0.0359423362920888,Low Risk,4886,Medium Value,175.61425512314588,Low,No major rule-based risk factor,Personalized retention outreach,51,One year,No,Bank transfer (automatic),24.6,1266.4
2522-WLNSF,0,0,0.0788433322975782,Low Risk,2225,Low Value,175.4264143621115,Low,No online security,Bundle online security with retention offer,34,One year,DSL,Bank transfer (automatic),64.2,2106.3
8809-XKHMD,0,0,0.0281675289991403,Low Risk,6082,High Value,171.3149113727713,Low,Fiber optic service; High monthly charges,Review plan pricing or offer loyalty discount,72,Two year,Fiber optic,Bank transfer (automatic),100.55,7325.1
3506-OVLKD,0,0,0.0385988575850078,Low Risk,4419,Medium Value,170.56835166814946,Low,No major rule-based risk factor,Personalized retention outreach,35,One year,No,Bank transfer (automatic),26.2,954.9
6421-SZVEM,0,0,0.0293096664833908,Low Risk,5802,High Value,170.05468493663344,Low,Fiber optic service; No tech support,Offer discounted or trial tech support,28,One year,Fiber optic,Bank transfer (automatic),82.85,2320.8
7520-HQWJU,0,0,0.0406857075101671,Low Risk,4172,Medium Value,169.74077173241713,Low,Month-to-month contract; No tech support,Offer incentive to move to a longer-term contract; Offer discounted or trial tech support,66,Month-to-month,DSL,Bank transfer (automatic),67.45,4508.65
3251-YMVWZ,0,0,0.0347819391320277,Low Risk,4865,Medium Value,169.21413387731477,Low,No major rule-based risk factor,Personalized retention outreach,53,One year,No,Bank transfer (automatic),24.05,1301.9
2788-CJQAQ,0,0,0.0444645150012254,Low Risk,3799,Low Value,168.9206924896553,Low,No major rule-based risk factor,Personalized retention outreach,13,One year,No,Mailed check,19.45,270.2
6993-YCOBK,0,0,0.0293442258519766,Low Risk,5756,High Value,168.9053640039773,Low,Electronic check; Fiber optic service; High monthly charges,Promote automatic payment enrollment; Review plan pricing or offer loyalty discount,60,Two year,Fiber optic,Electronic check,110.6,6586.85
2649-HWLYB,0,0,0.0273161886988356,Low Risk,6177,High Value,168.7320975927075,Low,No major rule-based risk factor,Personalized retention outreach,65,Two year,DSL,Bank transfer (automatic),76.15,4929.55
9143-CANJF,0,0,0.0764902743923813,Low Risk,2200,Low Value,168.27860366323887,Low,Month-to-month contract; Electronic check,Offer incentive to move to a longer-term contract; Promote automatic payment enrollment,24,Month-to-month,DSL,Electronic check,55.15,1319.85
6203-HBZPA,0,0,0.0309776651331772,Low Risk,5380,High Value,166.65983841649333,Low,No major rule-based risk factor,Personalized retention outreach,52,Two year,DSL,Credit card (automatic),63.9,3334.95
9412-ARGBX,1,0,0.0675379556677955,Low Risk,2459,Low Value,166.07583298710912,Low,Fiber optic service; No online security; High monthly charges,Bundle online security with retention offer; Review plan pricing or offer loyalty discount,48,Two year,Fiber optic,Mailed check,95.5,4627.85
6698-OXETB,0,0,0.0306971671494914,Low Risk,5397,High Value,165.6726111058051,Low,No major rule-based risk factor,Personalized retention outreach,11,Two year,No,Mailed check,20.4,231.45
2171-UDMFD,0,0,0.0377471873576934,Low Risk,4363,Medium Value,164.6909784416163,Low,Month-to-month contract,Offer incentive to move to a longer-term contract,32,Month-to-month,No,Credit card (automatic),19.45,674.55
0327-WFZSY,0,0,0.0301618453355984,Low Risk,5434,High Value,163.8994675536417,Low,Electronic check; Fiber optic service; No tech support; No online security,Promote automatic payment enrollment; Offer discounted or trial tech support; Bundle online security with retention offer,39,One year,Fiber optic,Electronic check,100.0,3835.55
3161-ONRWK,0,0,0.0403752897953913,Low Risk,4053,Medium Value,163.64104954072096,Low,No major rule-based risk factor,Personalized retention outreach,60,One year,DSL,Bank transfer (automatic),65.85,3928.3
5329-KRDTM,0,0,0.0261862270309158,Low Risk,6202,High Value,162.4069800457398,Low,No online security,Bundle online security with retention offer,72,Two year,DSL,Credit card (automatic),77.35,5396.25
5702-KVQRD,0,0,0.0347819789250331,Low Risk,4668,Medium Value,162.3622776220545,Low,Electronic check,Promote automatic payment enrollment,71,Two year,DSL,Electronic check,82.55,5832.65
5380-XPJNZ,0,0,0.0355937562474661,Low Risk,4539,Medium Value,161.56005960724863,Low,No major rule-based risk factor,Personalized retention outreach,38,One year,No,Mailed check,20.05,678.2
9313-CDOGY,0,0,0.041796577921368,Low Risk,3854,Low Value,161.08401130895226,Low,Month-to-month contract; Electronic check,Offer incentive to move to a longer-term contract; Promote automatic payment enrollment,38,Month-to-month,No,Electronic check,19.6,717.3
0732-OCQOC,0,0,0.0283335347646106,Low Risk,5674,High Value,160.76447625440056,Low,No major rule-based risk factor,Personalized retention outreach,52,Two year,No,Bank transfer (automatic),25.05,1270.25
7311-MQJCH,0,0,0.0619208935814634,Low Risk,2575,Low Value,159.44630097226826,Low,Short tenure; Electronic check,Promote automatic payment enrollment; Trigger new-customer onboarding outreach,5,One year,No,Electronic check,19.55,99.6
4012-YCFAI,0,0,0.0256636904787045,Low Risk,6174,High Value,158.44762501552157,Low,No major rule-based risk factor,Personalized retention outreach,60,Two year,DSL,Mailed check,61.35,3766.2
3985-HOYPM,0,0,0.0340348486334928,Low Risk,4602,Medium Value,156.62837341133385,Low,No major rule-based risk factor,Personalized retention outreach,26,One year,No,Mailed check,19.4,525.55
0164-APGRB,0,0,0.0340147060799861,Low Risk,4589,Medium Value,156.0934862010562,Low,Electronic check; Fiber optic service; High monthly charges,Promote automatic payment enrollment; Review plan pricing or offer loyalty discount,72,Two year,Fiber optic,Electronic check,114.9,8496.7
9030-QGZNL,0,0,0.0367007379266597,Low Risk,4249,Medium Value,155.94143545037704,Low,No major rule-based risk factor,Personalized retention outreach,8,Two year,No,Mailed check,20.85,161.65
0123-CRBRT,0,0,0.0300739030946053,Low Risk,5152,High Value,154.9407487434065,Low,No major rule-based risk factor,Personalized retention outreach,61,Two year,DSL,Mailed check,88.1,5526.75
1459-QNFQT,0,0,0.0381864305259439,Low Risk,4031,Medium Value,153.92950145007987,Low,No major rule-based risk factor,Personalized retention outreach,70,Two year,DSL,Bank transfer (automatic),59.5,4144.8
3865-ZFZIB,0,0,0.0274499313888164,Low Risk,5596,High Value,153.60981605181658,Low,No major rule-based risk factor,Personalized retention outreach,19,Two year,No,Mailed check,19.65,358.15
2408-PSJVE,0,0,0.0348708056654296,Low Risk,4388,Medium Value,153.01309525990507,Low,Month-to-month contract; No online security,Offer incentive to move to a longer-term contract; Bundle online security with retention offer,44,Month-to-month,DSL,Mailed check,61.9,2924.05
9919-FZDED,0,0,0.0322871024275726,Low Risk,4671,Medium Value,150.81305543919163,Low,No tech support,Offer discounted or trial tech support,72,Two year,DSL,Credit card (automatic),84.1,5981.65
1568-BEKZM,0,0,0.0322955160303507,Low Risk,4666,Medium Value,150.69087779761637,Low,High monthly charges,Review plan pricing or offer loyalty discount,70,Two year,DSL,Credit card (automatic),90.05,6333.4
5924-SNGKP,0,0,0.0377632962202193,Low Risk,3972,Low Value,149.99581258671108,Low,No major rule-based risk factor,Personalized retention outreach,41,One year,No,Credit card (automatic),20.25,865.0
4940-KHCWD,0,0,0.0288215697524585,Low Risk,5148,High Value,148.37344108565637,Low,No major rule-based risk factor,Personalized retention outreach,60,Two year,DSL,Bank transfer (automatic),37.7,2288.7
8241-JUIQO,0,0,0.0323580455529726,Low Risk,4559,Medium Value,147.5203296760021,Low,No major rule-based risk factor,Personalized retention outreach,61,One year,No,Bank transfer (automatic),19.45,1336.35
8590-YFFQO,0,0,0.0259830485104826,Low Risk,5669,High Value,147.29790200592586,Low,No major rule-based risk factor,Personalized retention outreach,70,Two year,DSL,Credit card (automatic),64.95,4523.25
6625-FLENO,0,0,0.0292067989459083,Low Risk,4927,Medium Value,143.90189840649018,Low,No major rule-based risk factor,Personalized retention outreach,58,Two year,No,Mailed check,20.75,1185.95
6374-NTQLP,0,0,0.0282566991898047,Low Risk,5092,High Value,143.88311227448554,Low,Fiber optic service; High monthly charges,Review plan pricing or offer loyalty discount,72,Two year,Fiber optic,Credit card (automatic),104.1,7447.7
3354-OADJP,0,0,0.0642096571830962,Low Risk,2237,Low Value,143.6370031185862,Low,No major rule-based risk factor,Personalized retention outreach,8,One year,DSL,Bank transfer (automatic),54.25,447.75
1956-YIFGE,0,0,0.0434441238157749,Low Risk,3274,Low Value,142.23606137284702,Low,Fiber optic service; No tech support; No online security; High monthly charges,Offer discounted or trial tech support; Bundle online security with retention offer; Review plan pricing or offer loyalty discount,22,One year,Fiber optic,Mailed check,100.05,2090.25
9298-WGMRW,0,0,0.029702180354886,Low Risk,4697,Medium Value,139.51114112689953,Low,Fiber optic service; High monthly charges,Review plan pricing or offer loyalty discount,72,Two year,Fiber optic,Bank transfer (automatic),115.5,8312.75
4846-WHAFZ,1,0,0.049943339837591,Low Risk,2793,Low Value,139.49174816639166,Low,Month-to-month contract; Electronic check; Fiber optic service; No tech support,Offer incentive to move to a longer-term contract; Promote automatic payment enrollment; Offer discounted or trial tech support,37,Month-to-month,Fiber optic,Electronic check,76.5,2868.15
2388-LAESQ,0,0,0.0290224941561109,Low Risk,4796,Medium Value,139.19188197270788,Low,Fiber optic service; High monthly charges,Review plan pricing or offer loyalty discount,72,Two year,Fiber optic,Bank transfer (automatic),114.85,8317.95
5324-KTGCG,0,0,0.0286177983479326,Low Risk,4837,Medium Value,138.42429060894997,Low,Electronic check,Promote automatic payment enrollment,71,One year,No,Electronic check,20.85,1539.75
6349-JDHQP,0,0,0.0218005778319598,Low Risk,6338,High Value,138.1720622989612,Low,No major rule-based risk factor,Personalized retention outreach,53,Two year,No,Credit card (automatic),19.85,1049.6
2332-TODQS,0,0,0.037793620830351,Low Risk,3642,Low Value,137.64436706413835,Low,No major rule-based risk factor,Personalized retention outreach,48,One year,No,Credit card (automatic),25.05,1171.5
3454-JFUBC,0,0,0.0223725739236728,Low Risk,6136,High Value,137.27811359565632,Low,No major rule-based risk factor,Personalized retention outreach,68,Two year,No,Credit card (automatic),20.0,1396.0
8930-XOTDP,0,0,0.0673992075486621,Low Risk,2035,Low Value,137.15738736152738,Low,Month-to-month contract; No tech support; No online security,Offer incentive to move to a longer-term contract; Offer discounted or trial tech support; Bundle online security with retention offer,18,Month-to-month,DSL,Mailed check,55.95,1082.8
8207-VVMYB,0,0,0.022205512526137,Low Risk,6170,High Value,137.00801228626528,Low,No major rule-based risk factor,Personalized retention outreach,70,Two year,No,Bank transfer (automatic),26.0,2006.95
4018-PPNDW,0,0,0.0228396778554838,Low Risk,5970,High Value,136.35287679723828,Low,No major rule-based risk factor,Personalized retention outreach,61,Two year,No,Mailed check,24.1,1551.6
6559-RAKOZ,0,0,0.0316413904830275,Low Risk,4301,Medium Value,136.08962046750128,Low,Electronic check; Fiber optic service; No online security; High monthly charges,Promote automatic payment enrollment; Bundle online security with retention offer; Review plan pricing or offer loyalty discount,49,One year,Fiber optic,Electronic check,97.95,4917.9
9755-JHNMN,0,0,0.0267934664851971,Low Risk,5075,Medium Value,135.97684241237528,Low,No major rule-based risk factor,Personalized retention outreach,49,Two year,DSL,Bank transfer (automatic),67.4,3306.85
8701-DGLVH,0,0,0.0222729519444903,Low Risk,6097,High Value,135.79818800555736,Low,No major rule-based risk factor,Personalized retention outreach,51,Two year,No,Mailed check,20.45,1042.65
4981-FLTMF,0,0,0.0302216179393189,Low Risk,4491,Medium Value,135.72528616548118,Low,Month-to-month contract,Offer incentive to move to a longer-term contract,57,Month-to-month,DSL,Bank transfer (automatic),65.2,3687.85
7114-AEOZE,0,0,0.0218005778319598,Low Risk,6213,High Value,135.44699006996623,Low,No major rule-based risk factor,Personalized retention outreach,60,Two year,No,Bank transfer (automatic),19.85,1128.1
5619-XZZKR,0,0,0.0613081925253646,Low Risk,2195,Low Value,134.57148259317532,Low,Short tenure,Trigger new-customer onboarding outreach,4,One year,No,Mailed check,19.95,68.2
2616-FLVQC,0,0,0.0222729519444903,Low Risk,6036,High Value,134.43953793694345,Low,No major rule-based risk factor,Personalized retention outreach,64,Two year,No,Mailed check,19.55,1240.15
3948-KXDUF,0,0,0.024624509955003,Low Risk,5454,High Value,134.30207729458635,Low,No major rule-based risk factor,Personalized retention outreach,66,Two year,DSL,Bank transfer (automatic),68.75,4447.55
4378-MYPGO,0,0,0.023132105312855,Low Risk,5795,High Value,134.05055028799472,Low,Fiber optic service; No tech support; High monthly charges,Offer discounted or trial tech support; Review plan pricing or offer loyalty discount,68,Two year,Fiber optic,Bank transfer (automatic),105.25,7173.15
2954-PIBKO,0,0,0.0260417346644652,Low Risk,5128,High Value,133.54201535937753,Low,No major rule-based risk factor,Personalized retention outreach,69,Two year,DSL,Credit card (automatic),64.15,4254.1
1767-CJKBA,0,0,0.0221357266461931,Low Risk,6025,High Value,133.36775304331343,Low,No major rule-based risk factor,Personalized retention outreach,66,Two year,No,Mailed check,25.1,1697.7
5917-RYRMG,0,0,0.0345657914767135,Low Risk,3836,Low Value,132.594376104673,Low,No major rule-based risk factor,Personalized retention outreach,32,One year,No,Credit card (automatic),19.8,587.7
6134-KWTBV,0,0,0.0227679453737901,Low Risk,5822,High Value,132.55497796620597,Low,No major rule-based risk factor,Personalized retention outreach,62,Two year,No,Bank transfer (automatic),23.4,1429.65
0307-BCOPK,0,0,0.0304571556725608,Low Risk,4336,Medium Value,132.06222699622361,Low,No major rule-based risk factor,Personalized retention outreach,16,One year,No,Mailed check,19.05,326.65
9746-UGFAC,0,0,0.0415019663619505,Low Risk,3171,Low Value,131.60273533374504,Low,No major rule-based risk factor,Personalized retention outreach,22,One year,No,Bank transfer (automatic),20.85,450.65
0909-SELIE,0,0,0.0304571675651633,Low Risk,4302,Medium Value,131.02673486533251,Low,No major rule-based risk factor,Personalized retention outreach,61,Two year,DSL,Bank transfer (automatic),80.8,4860.85
8873-TMKGR,0,0,0.0222031779607482,Low Risk,5880,High Value,130.55468640919943,Low,No major rule-based risk factor,Personalized retention outreach,29,One year,No,Mailed check,19.1,529.5
6848-HJTXY,0,0,0.0230489474963504,Low Risk,5628,High Value,129.71947650946004,Low,No major rule-based risk factor,Personalized retention outreach,64,Two year,No,Credit card (automatic),19.45,1208.6
2129-ALKBS,0,0,0.0582260757646929,Low Risk,2211,Low Value,128.737853515736,Low,Month-to-month contract; Electronic check,Offer incentive to move to a longer-term contract; Promote automatic payment enrollment,40,Month-to-month,No,Electronic check,26.2,1077.5
9385-NXKDA,0,0,0.0297078201356583,Low Risk,4324,Medium Value,128.45661426658648,Low,No tech support,Offer discounted or trial tech support,72,Two year,DSL,Credit card (automatic),82.65,5919.35
3982-JGSFD,0,0,0.0361129268739218,Low Risk,3526,Low Value,127.33418015744826,Low,No major rule-based risk factor,Personalized retention outreach,36,One year,No,Credit card (automatic),20.35,695.85
6345-FZOQH,0,0,0.0228601636347169,Low Risk,5570,High Value,127.33111144537314,Low,No major rule-based risk factor,Personalized retention outreach,69,Two year,No,Mailed check,19.9,1363.45
1133-KXCGE,0,0,0.0437284600538861,Low Risk,2910,Low Value,127.24981875680855,Low,No major rule-based risk factor,Personalized retention outreach,18,One year,No,Mailed check,20.1,407.05
3027-YNWZU,0,0,0.0229070532449635,Low Risk,5538,High Value,126.85926087060787,Low,No major rule-based risk factor,Personalized retention outreach,64,Two year,No,Credit card (automatic),25.0,1584.8
3096-WPXBT,0,0,0.0263697342327291,Low Risk,4804,Medium Value,126.68020325403059,Low,Fiber optic service; No tech support; High monthly charges,Offer discounted or trial tech support; Review plan pricing or offer loyalty discount,61,One year,Fiber optic,Credit card (automatic),100.7,6018.65
0048-LUMLS,0,0,0.0238592207946573,Low Risk,5263,High Value,125.57107904228137,Low,Fiber optic service; No tech support; No online security; High monthly charges,Offer discounted or trial tech support; Bundle online security with retention offer; Review plan pricing or offer loyalty discount,37,One year,Fiber optic,Credit card (automatic),91.2,3247.55
4464-JCOLN,1,0,0.0531548147581428,Low Risk,2362,Low Value,125.5516724587333,Low,Short tenure,Trigger new-customer onboarding outreach,2,One year,No,Mailed check,19.85,35.9
9814-AOUDH,0,0,0.0222729519444903,Low Risk,5625,High Value,125.28535468775794,Low,No major rule-based risk factor,Personalized retention outreach,53,Two year,No,Credit card (automatic),19.5,1050.5
5666-MBJPT,0,0,0.0228842229565904,Low Risk,5449,High Value,124.69613089046109,Low,No major rule-based risk factor,Personalized retention outreach,65,Two year,No,Bank transfer (automatic),25.1,1725.0
4299-OPXEJ,0,0,0.021474517938853,Low Risk,5764,High Value,123.7791213995487,Low,No major rule-based risk factor,Personalized retention outreach,56,Two year,No,Bank transfer (automatic),19.55,1080.55
9402-ROUMJ,0,0,0.0220484431763401,Low Risk,5588,High Value,123.20670046938848,Low,Fiber optic service; High monthly charges,Review plan pricing or offer loyalty discount,67,One year,Fiber optic,Bank transfer (automatic),100.25,6689.0
8433-WPJTV,0,0,0.0216766674331559,Low Risk,5669,High Value,122.8850276785608,Low,Fiber optic service; No online security; High monthly charges,Bundle online security with retention offer; Review plan pricing or offer loyalty discount,65,One year,Fiber optic,Bank transfer (automatic),103.9,6767.1
0839-JTCUD,0,0,0.0300739030946053,Low Risk,4082,Medium Value,122.76167243217883,Low,High monthly charges,Review plan pricing or offer loyalty discount,66,Two year,DSL,Credit card (automatic),89.9,5958.85
8909-BOLNL,0,0,0.0576478860344084,Low Risk,2088,Low Value,120.36878603984475,Low,Short tenure,Trigger new-customer onboarding outreach,3,One year,No,Mailed check,21.2,52.05
2984-RGEYA,0,0,0.0223756207004541,Low Risk,5325,High Value,119.15018022991808,Low,No major rule-based risk factor,Personalized retention outreach,69,Two year,No,Bank transfer (automatic),19.75,1375.4
6080-LNESI,0,0,0.0234527947802566,Low Risk,5080,High Value,119.14019748370353,Low,No major rule-based risk factor,Personalized retention outreach,51,Two year,No,Mailed check,24.75,1234.6
9588-YRFHY,0,0,0.0226876610054089,Low Risk,5240,High Value,118.88334366834263,Low,No major rule-based risk factor,Personalized retention outreach,49,Two year,No,Credit card (automatic),19.9,1022.6
4703-MQYKT,0,0,0.0260297198804341,Low Risk,4562,Medium Value,118.74758209454036,Low,No major rule-based risk factor,Personalized retention outreach,21,Two year,No,Mailed check,19.6,390.4
6823-SIDFQ,0,0,0.0222031779607482,Low Risk,5327,High Value,118.27632899690566,Low,No major rule-based risk factor,Personalized retention outreach,28,One year,No,Credit card (automatic),18.25,534.7
1862-QRWPE,0,0,0.0285916692524689,Low Risk,4124,Medium Value,117.91204399718174,Low,No major rule-based risk factor,Personalized retention outreach,48,Two year,No,Bank transfer (automatic),20.65,1057.0
1470-PSXNM,0,0,0.0212654041234469,Low Risk,5542,High Value,117.85286965214272,Low,Electronic check; Fiber optic service; No tech support; No online security,Promote automatic payment enrollment; Offer discounted or trial tech support; Bundle online security with retention offer,49,One year,Fiber optic,Electronic check,93.65,4520.15
8347-GDTMP,0,0,0.0230489474963504,Low Risk,5113,High Value,117.84926854883959,Low,No major rule-based risk factor,Personalized retention outreach,64,Two year,No,Credit card (automatic),19.45,1225.65
9330-DHBFL,0,0,0.0565286395977096,Low Risk,2072,Low Value,117.1273412464543,Low,No major rule-based risk factor,Personalized retention outreach,23,One year,DSL,Mailed check,66.25,1533.8
2150-OEGBV,0,0,0.0340348486334928,Low Risk,3428,Low Value,116.67146111561331,Low,No major rule-based risk factor,Personalized retention outreach,27,One year,No,Bank transfer (automatic),20.1,562.6
8780-RSYYU,0,0,0.0537429378808681,Low Risk,2159,Low Value,116.03100288479422,Low,Month-to-month contract,Offer incentive to move to a longer-term contract,25,Month-to-month,No,Credit card (automatic),19.2,532.1
4785-FCIFB,0,0,0.0235607710497868,Low Risk,4900,Medium Value,115.44777814395532,Low,No major rule-based risk factor,Personalized retention outreach,61,Two year,No,Mailed check,24.4,1417.9
3200-MNQTF,0,0,0.0260302837607417,Low Risk,4361,Medium Value,113.51806748059455,Low,No major rule-based risk factor,Personalized retention outreach,67,Two year,DSL,Credit card (automatic),70.9,4677.1
8763-KIAFH,0,0,0.0493079728004067,Low Risk,2269,Low Value,111.87979028412279,Low,No major rule-based risk factor,Personalized retention outreach,27,One year,No,Mailed check,20.55,583.3
1271-UODNO,0,0,0.0469976978296539,Low Risk,2380,Low Value,111.85452083457628,Low,No online security,Bundle online security with retention offer,39,Two year,DSL,Credit card (automatic),53.85,2200.7
1945-XISKS,0,0,0.0223756207004541,Low Risk,4994,Medium Value,111.74384977806777,Low,No major rule-based risk factor,Personalized retention outreach,67,Two year,No,Mailed check,19.65,1335.2
8869-TORSS,1,0,0.0412033451706515,Low Risk,2681,Low Value,110.46616840251667,Low,No major rule-based risk factor,Personalized retention outreach,48,One year,DSL,Credit card (automatic),60.35,2896.4
2632-TACXW,0,0,0.0235607710497868,Low Risk,4671,Medium Value,110.05236157355415,Low,No major rule-based risk factor,Personalized retention outreach,62,Two year,No,Bank transfer (automatic),23.65,1416.75
3125-RAHBV,0,0,0.0396949462517242,Low Risk,2768,Low Value,109.87561122477258,Low,No major rule-based risk factor,Personalized retention outreach,22,One year,No,Credit card (automatic),20.3,467.15
3926-YZVVX,0,0,0.0509002011288483,Low Risk,2157,Low Value,109.79173383492578,Low,No online security,Bundle online security with retention offer,41,One year,DSL,Bank transfer (automatic),50.05,2029.05
7649-SIJJF,0,0,0.0181331954784815,Low Risk,6045,High Value,109.61516666742067,Low,No major rule-based risk factor,Personalized retention outreach,71,Two year,DSL,Mailed check,80.1,5585.4
4184-VODJZ,0,0,0.0241590273106565,Low Risk,4512,Medium Value,109.00553122568213,Low,Electronic check; Fiber optic service; No tech support; No online security,Promote automatic payment enrollment; Offer discounted or trial tech support; Bundle online security with retention offer,63,One year,Fiber optic,Electronic check,91.35,5764.7
1047-RNXZV,0,0,0.0222729519444903,Low Risk,4871,Medium Value,108.49154892161226,Low,No major rule-based risk factor,Personalized retention outreach,43,Two year,No,Mailed check,19.55,876.15
8028-PNXHQ,0,0,0.02412804021588,Low Risk,4444,Medium Value,107.22501071937073,Low,No major rule-based risk factor,Personalized retention outreach,62,Two year,No,Bank transfer (automatic),24.25,1424.6
1705-GUHPV,0,0,0.0216661983731234,Low Risk,4948,Medium Value,107.20434955021459,Low,No major rule-based risk factor,Personalized retention outreach,63,Two year,No,Mailed check,24.2,1618.2
6370-ZVHDV,0,0,0.0235607710497868,Low Risk,4501,Medium Value,106.0470304950904,Low,No major rule-based risk factor,Personalized retention outreach,61,Two year,No,Bank transfer (automatic),25.3,1554.9
6061-GWWAV,0,0,0.0197441173929145,Low Risk,5365,High Value,105.9271898129863,Low,No tech support,Offer discounted or trial tech support,41,One year,DSL,Mailed check,70.2,2894.55
9548-LERKT,0,0,0.0306181056701449,Low Risk,3455,Low Value,105.78555509035063,Low,No major rule-based risk factor,Personalized retention outreach,24,Two year,No,Mailed check,19.75,483.15
4700-UBQMV,0,0,0.0301111503411734,Low Risk,3503,Low Value,105.47935964513042,Low,No tech support,Offer discounted or trial tech support,21,One year,DSL,Bank transfer (automatic),75.9,1549.75
3646-ITDGM,0,0,0.0218005778319598,Low Risk,4831,Medium Value,105.3185915061978,Low,No major rule-based risk factor,Personalized retention outreach,56,Two year,No,Bank transfer (automatic),19.7,1051.9
7971-HLVXI,0,0,0.0167454271318795,Low Risk,6202,High Value,103.85513907191667,Low,Fiber optic service; No tech support; No online security,Offer discounted or trial tech support; Bundle online security with retention offer,72,Two year,Fiber optic,Credit card (automatic),84.5,6130.85
1038-RQOST,0,0,0.0455025264230662,Low Risk,2276,Low Value,103.56375013889867,Low,Month-to-month contract,Offer incentive to move to a longer-term contract,19,Month-to-month,No,Mailed check,20.6,414.95
3571-DPYUH,0,0,0.01828312357268,Low Risk,5653,High Value,103.35449755636003,Low,Fiber optic service; No online security; High monthly charges,Bundle online security with retention offer; Review plan pricing or offer loyalty discount,58,One year,Fiber optic,Credit card (automatic),94.7,5430.35
5446-DKWYW,0,0,0.0165112881907241,Low Risk,6238,High Value,102.99741573373693,Low,Electronic check; No tech support; No online security,Promote automatic payment enrollment; Offer discounted or trial tech support; Bundle online security with retention offer,61,One year,DSL,Electronic check,65.2,3965.05
0181-RITDD,0,0,0.0194150191633899,Low Risk,5298,High Value,102.8607715276397,Low,Fiber optic service; High monthly charges,Review plan pricing or offer loyalty discount,62,Two year,Fiber optic,Mailed check,108.15,6825.65
3795-GWTRD,0,0,0.0219381277340113,Low Risk,4626,Medium Value,101.48577889753628,Low,No major rule-based risk factor,Personalized retention outreach,63,Two year,DSL,Credit card (automatic),75.55,4707.85
5857-XRECV,0,0,0.0223802701695833,Low Risk,4486,Medium Value,100.39789198075069,Low,Short tenure,Trigger new-customer onboarding outreach,2,One year,No,Bank transfer (automatic),20.5,38.25
2969-WGHQO,0,0,0.0300966573307502,Low Risk,3334,Low Value,100.34225554072117,Low,Electronic check; No tech support,Promote automatic payment enrollment; Offer discounted or trial tech support,7,One year,DSL,Electronic check,69.45,477.05
3301-VKTGC,0,0,0.0228790856151841,Low Risk,4380,Medium Value,100.21039499450634,Low,Fiber optic service; No tech support,Offer discounted or trial tech support,68,One year,Fiber optic,Bank transfer (automatic),85.5,5696.6
4521-WFJAI,0,0,0.023537304929024,Low Risk,4246,Medium Value,99.9393967286359,Low,No major rule-based risk factor,Personalized retention outreach,56,Two year,No,Bank transfer (automatic),25.95,1444.05
6701-YVNQG,0,0,0.0172065767008497,Low Risk,5764,High Value,99.17870810369766,Low,No major rule-based risk factor,Personalized retention outreach,72,Two year,DSL,Credit card (automatic),88.7,6301.7
2696-RZVZW,0,0,0.0234028288367471,Low Risk,4187,Medium Value,97.9876443394601,Low,No major rule-based risk factor,Personalized retention outreach,68,Two year,No,Credit card (automatic),25.05,1629.2
7010-ZMVBF,0,0,0.0475608293898742,Low Risk,2047,Low Value,97.35701776107248,Low,Month-to-month contract,Offer incentive to move to a longer-term contract,18,Month-to-month,No,Mailed check,20.45,357.0
6374-AFWOX,0,0,0.0358337649053781,Low Risk,2680,Low Value,96.03448994641332,Low,No major rule-based risk factor,Personalized retention outreach,46,Two year,DSL,Mailed check,65.65,3047.15
9640-ZSLDC,0,0,0.0196871890570806,Low Risk,4854,Medium Value,95.56161568306923,Low,No tech support; No online security,Offer discounted or trial tech support; Bundle online security with retention offer,53,One year,DSL,Credit card (automatic),60.6,3297.0
0397-ZXWQF,0,0,0.0216217925255129,Low Risk,4416,Medium Value,95.48183579266497,Low,No major rule-based risk factor,Personalized retention outreach,67,Two year,No,Bank transfer (automatic),20.5,1430.95
9372-TXXPS,0,0,0.0236283138190278,Low Risk,4029,Medium Value,95.198476376863,Low,No major rule-based risk factor,Personalized retention outreach,60,Two year,DSL,Bank transfer (automatic),59.85,3483.45
5566-SOEZD,0,0,0.0162365367427489,Low Risk,5856,High Value,95.08115916553756,Low,Fiber optic service; No tech support,Offer discounted or trial tech support,27,One year,Fiber optic,Credit card (automatic),80.65,2209.75
2805-AUFQN,0,0,0.0244394815528083,Low Risk,3875,Low Value,94.70299101713216,Low,No major rule-based risk factor,Personalized retention outreach,25,Two year,No,Credit card (automatic),19.8,475.2
9674-EHPPG,0,0,0.0374080124490445,Low Risk,2519,Low Value,94.2307833591431,Low,No major rule-based risk factor,Personalized retention outreach,46,Two year,DSL,Credit card (automatic),40.4,1842.7
7167-PCEYD,0,0,0.0220246505013237,Low Risk,4260,Medium Value,93.82501113563896,Low,No major rule-based risk factor,Personalized retention outreach,67,Two year,No,Mailed check,19.8,1311.3
6064-ZATLR,0,0,0.0329690398428119,Low Risk,2842,Low Value,93.69801123327143,Low,No tech support,Offer discounted or trial tech support,27,Two year,DSL,Bank transfer (automatic),52.85,1498.65
7816-VGHTO,0,0,0.0326407346537836,Low Risk,2866,Low Value,93.5483455177438,Low,Short tenure; No online security,Bundle online security with retention offer; Trigger new-customer onboarding outreach,6,Two year,DSL,Mailed check,40.55,217.5
4698-KVLLG,0,0,0.0221450417297506,Low Risk,4224,Medium Value,93.54065626646654,Low,No major rule-based risk factor,Personalized retention outreach,51,Two year,No,Credit card (automatic),19.6,967.9
7998-WNZEM,0,0,0.0171051061201913,Low Risk,5447,High Value,93.17151303668201,Low,No major rule-based risk factor,Personalized retention outreach,71,Two year,DSL,Bank transfer (automatic),80.6,5708.2
5519-TEEUH,0,0,0.0161471970151538,Low Risk,5759,High Value,92.99170761027074,Low,No major rule-based risk factor,Personalized retention outreach,33,One year,No,Mailed check,20.15,682.15
3967-KXAPS,0,0,0.018037695715674,Low Risk,5136,High Value,92.64160519570166,Low,High monthly charges,Review plan pricing or offer loyalty discount,72,Two year,DSL,Credit card (automatic),92.3,6719.9
7279-NMVJC,0,0,0.0437284600538861,Low Risk,2093,Low Value,91.52366689278361,Low,No major rule-based risk factor,Personalized retention outreach,17,One year,No,Bank transfer (automatic),19.9,323.15
2525-GVKQU,0,0,0.0218005778319598,Low Risk,4192,Medium Value,91.38802227157548,Low,No major rule-based risk factor,Personalized retention outreach,60,Two year,No,Mailed check,20.6,1093.0
4735-BJKOU,0,0,0.0233061243204591,Low Risk,3915,Low Value,91.24347671459738,Low,No major rule-based risk factor,Personalized retention outreach,40,Two year,No,Mailed check,20.15,804.85
8580-QVLOC,1,0,0.0160107924537904,Low Risk,5697,High Value,91.2134846092439,Low,High monthly charges,Review plan pricing or offer loyalty discount,72,Two year,DSL,Credit card (automatic),92.45,6440.25
7408-OFWXJ,0,0,0.0155967409616469,Low Risk,5762,High Value,89.86842142100944,Low,No major rule-based risk factor,Personalized retention outreach,72,Two year,DSL,Credit card (automatic),89.8,6510.45
4213-HKBJO,0,0,0.0264708571027354,Low Risk,3378,Low Value,89.41855529304019,Low,No major rule-based risk factor,Personalized retention outreach,33,Two year,No,Credit card (automatic),25.7,826.1
5061-PBXFW,0,0,0.0336664623358838,Low Risk,2649,Low Value,89.18245872775618,Low,Month-to-month contract,Offer incentive to move to a longer-term contract,32,Month-to-month,DSL,Bank transfer (automatic),61.4,1864.65
7515-LODFU,0,0,0.0219634949224315,Low Risk,4042,Medium Value,88.77644647646812,Low,No major rule-based risk factor,Personalized retention outreach,69,Two year,No,Credit card (automatic),20.3,1356.3
5469-NUJUR,0,0,0.0312381943423061,Low Risk,2831,Low Value,88.43532818306858,Low,No major rule-based risk factor,Personalized retention outreach,19,Two year,No,Mailed check,19.95,373.5
0743-HRVFF,0,0,0.021393406071013,Low Risk,4132,Medium Value,88.39755388542572,Low,Electronic check; No online security,Promote automatic payment enrollment; Bundle online security with retention offer,51,One year,DSL,Electronic check,56.15,2898.95
0661-KBKPA,0,0,0.0173816357386645,Low Risk,5052,Medium Value,87.81202375173305,Low,No online security,Bundle online security with retention offer,53,One year,DSL,Mailed check,78.75,3942.45
1741-WTPON,0,0,0.0176049719851306,Low Risk,4937,Medium Value,86.91574669058977,Low,Fiber optic service; High monthly charges,Review plan pricing or offer loyalty discount,56,Two year,Fiber optic,Mailed check,115.85,6567.9
6292-TOSSS,0,0,0.0200106945653672,Low Risk,4297,Medium Value,85.98595454738286,Low,No major rule-based risk factor,Personalized retention outreach,50,Two year,No,Bank transfer (automatic),24.9,1195.25
0516-OOHAR,0,0,0.0251698212365229,Low Risk,3411,Low Value,85.85426023777961,Low,Fiber optic service; No tech support; No online security; High monthly charges,Offer discounted or trial tech support; Bundle online security with retention offer; Review plan pricing or offer loyalty discount,28,One year,Fiber optic,Bank transfer (automatic),100.35,2799.0
1729-VLAZJ,0,0,0.0298226385685613,Low Risk,2876,Low Value,85.7699085231823,Low,No major rule-based risk factor,Personalized retention outreach,10,One year,DSL,Mailed check,40.25,411.45
9286-BHDQG,0,0,0.0169951277128501,Low Risk,5041,Medium Value,85.67243880047735,Low,No major rule-based risk factor,Personalized retention outreach,72,Two year,DSL,Credit card (automatic),45.25,3139.8
5808-TOTXO,0,0,0.0304991665362341,Low Risk,2774,Low Value,84.6046879715134,Low,Short tenure,Trigger new-customer onboarding outreach,3,One year,No,Credit card (automatic),20.55,57.4
9483-GCPWE,0,0,0.024418970759663,Low Risk,3444,Low Value,84.09893529627938,Low,No major rule-based risk factor,Personalized retention outreach,9,One year,No,Mailed check,20.1,190.25
8591-TKMZH,0,0,0.016976521723165,Low Risk,4952,Medium Value,84.06773557311308,Low,Fiber optic service; High monthly charges,Review plan pricing or offer loyalty discount,59,Two year,Fiber optic,Mailed check,111.1,6555.2
6434-TTGJP,0,0,0.014783386979848,Low Risk,5671,High Value,83.83658756271801,Low,No major rule-based risk factor,Personalized retention outreach,10,Two year,DSL,Credit card (automatic),53.7,521.0
7762-ONLJY,0,0,0.0199687154563015,Low Risk,4122,Medium Value,82.31104511087479,Low,Short tenure,Trigger new-customer onboarding outreach,6,One year,No,Mailed check,19.7,94.45
1929-ZCBHE,0,0,0.0161654491281702,Low Risk,5040,Medium Value,81.4738636059778,Low,Electronic check,Promote automatic payment enrollment,47,One year,DSL,Electronic check,40.3,1794.8
5062-CJJKH,0,0,0.0138206798405585,Low Risk,5854,High Value,80.90625978662946,Low,No tech support; No online security,Offer discounted or trial tech support; Bundle online security with retention offer,25,One year,DSL,Mailed check,53.65,1355.45
1927-QEWMY,0,0,0.0126879020963132,Low Risk,6302,High Value,79.95915901096578,Low,No major rule-based risk factor,Personalized retention outreach,72,Two year,No,Credit card (automatic),20.5,1502.25
7369-TRPFD,0,0,0.027364393496319,Low Risk,2916,Low Value,79.7945714352662,Low,No major rule-based risk factor,Personalized retention outreach,19,One year,No,Mailed check,18.8,279.2
9534-NSXEM,0,0,0.0361129268739218,Low Risk,2194,Low Value,79.23176156138443,Low,No major rule-based risk factor,Personalized retention outreach,26,One year,No,Credit card (automatic),20.65,595.5
4537-CIBHB,0,0,0.0185438420343,Low Risk,4272,Medium Value,79.21929317052961,Low,No major rule-based risk factor,Personalized retention outreach,9,One year,No,Mailed check,20.25,172.35
1131-SUEKT,0,0,0.0197689166420776,Low Risk,4000,Low Value,79.0756665683104,Low,Fiber optic service; No online security; High monthly charges,Bundle online security with retention offer; Review plan pricing or offer loyalty discount,61,One year,Fiber optic,Bank transfer (automatic),98.45,6145.2
5204-HMGYF,0,0,0.0170365878283205,Low Risk,4567,Medium Value,77.80609661193974,Low,No major rule-based risk factor,Personalized retention outreach,49,One year,DSL,Mailed check,87.2,4345.0
0057-QBUQH,0,0,0.0162155479006277,Low Risk,4797,Medium Value,77.78598327931108,Low,Electronic check,Promote automatic payment enrollment,43,Two year,No,Electronic check,25.1,1070.15
5803-NQJZO,0,0,0.0148199497490064,Low Risk,5242,High Value,77.68617658429154,Low,No major rule-based risk factor,Personalized retention outreach,72,Two year,DSL,Bank transfer (automatic),67.8,4804.65
6164-HAQTX,0,0,0.0187670389760814,Low Risk,4094,Medium Value,76.83225756807725,Low,No major rule-based risk factor,Personalized retention outreach,71,Two year,DSL,Bank transfer (automatic),53.95,3888.65
9138-EFSMO,0,0,0.0180784047361061,Low Risk,4237,Medium Value,76.59820086688154,Low,Fiber optic service; No tech support; No online security,Offer discounted or trial tech support; Bundle online security with retention offer,26,One year,Fiber optic,Bank transfer (automatic),78.95,2034.25
7205-BAIAD,0,0,0.0247459163060113,Low Risk,3091,Low Value,76.48962730188093,Low,No major rule-based risk factor,Personalized retention outreach,40,Two year,No,Bank transfer (automatic),20.6,827.3
9777-IQHWP,0,0,0.0122388189063268,Low Risk,6249,High Value,76.48037934563618,Low,Fiber optic service; No tech support; High monthly charges,Offer discounted or trial tech support; Review plan pricing or offer loyalty discount,64,Two year,Fiber optic,Bank transfer (automatic),93.4,5822.3
6119-SPUDB,0,0,0.0285844831104897,Low Risk,2653,Low Value,75.83463369212917,Low,No major rule-based risk factor,Personalized retention outreach,46,Two year,DSL,Mailed check,38.25,1755.35
5334-AFQJB,0,0,0.0131861835218926,Low Risk,5751,High Value,75.83374143440433,Low,No major rule-based risk factor,Personalized retention outreach,72,Two year,No,Credit card (automatic),25.1,1789.9
2169-RRLFW,0,0,0.0149185755134981,Low Risk,5063,Medium Value,75.53274782484088,Low,No major rule-based risk factor,Personalized retention outreach,71,Two year,No,Credit card (automatic),25.6,1888.25
6848-YLDFR,0,0,0.0165659760073478,Low Risk,4559,Medium Value,75.52428461749862,Low,No online security,Bundle online security with retention offer,58,One year,DSL,Credit card (automatic),75.2,4300.8
2877-VDUER,0,0,0.0130813937384614,Low Risk,5691,High Value,74.44621176558383,Low,No online security,Bundle online security with retention offer,35,One year,DSL,Mailed check,40.9,1383.6
5774-QPLTF,0,0,0.011635102243973,Low Risk,6391,High Value,74.35993844123144,Low,No major rule-based risk factor,Personalized retention outreach,50,One year,No,Mailed check,20.35,938.95
2233-TXSIU,0,0,0.021100034796589,Low Risk,3522,Low Value,74.31432255358645,Low,No tech support,Offer discounted or trial tech support,17,One year,DSL,Credit card (automatic),44.45,792.15
8338-QIUNR,0,0,0.0168375418216182,Low Risk,4397,Medium Value,74.03467138965523,Low,No major rule-based risk factor,Personalized retention outreach,72,Two year,DSL,Credit card (automatic),66.5,4811.6
4312-KFRXN,0,0,0.013276411256014,Low Risk,5512,High Value,73.17957884314917,Low,No major rule-based risk factor,Personalized retention outreach,72,Two year,No,Mailed check,25.4,1710.9
2990-IAJSV,0,0,0.0170560053333975,Low Risk,4200,Medium Value,71.6352224002695,Low,High monthly charges,Review plan pricing or offer loyalty discount,72,Two year,DSL,Bank transfer (automatic),92.0,6632.75
2541-YGPKE,0,0,0.0190237809984142,Low Risk,3764,Low Value,71.60551167803105,Low,No major rule-based risk factor,Personalized retention outreach,42,One year,DSL,Credit card (automatic),63.7,2763.35
7322-OCWHC,0,0,0.0143215395034824,Low Risk,4988,Medium Value,71.43583904337021,Low,Fiber optic service; High monthly charges,Review plan pricing or offer loyalty discount,72,Two year,Fiber optic,Bank transfer (automatic),93.05,6735.05
7602-DBTOU,0,0,0.0145697082944247,Low Risk,4890,Medium Value,71.24587355973678,Low,No major rule-based risk factor,Personalized retention outreach,71,Two year,No,Mailed check,19.6,1416.5
6445-TNRXS,0,0,0.0125381105929776,Low Risk,5671,High Value,71.10362517277596,Low,Fiber optic service; High monthly charges,Review plan pricing or offer loyalty discount,68,Two year,Fiber optic,Bank transfer (automatic),114.7,7849.85
4377-VDHYI,0,0,0.0259101638303651,Low Risk,2722,Low Value,70.5274659462538,Low,Electronic check; Fiber optic service; No tech support; High monthly charges,Promote automatic payment enrollment; Offer discounted or trial tech support; Review plan pricing or offer loyalty discount,32,One year,Fiber optic,Electronic check,90.8,3023.85
3884-UEBXB,0,0,0.0111683379644373,Low Risk,6314,High Value,70.51688590745711,Low,No tech support,Offer discounted or trial tech support,67,Two year,DSL,Bank transfer (automatic),36.15,2434.45
9648-BCHKM,0,0,0.0133211140755604,Low Risk,5231,High Value,69.68274772925645,Low,No major rule-based risk factor,Personalized retention outreach,18,Two year,No,Credit card (automatic),24.65,471.35
5696-JVVQY,0,0,0.0126156329237914,Low Risk,5476,High Value,69.0832058906817,Low,No tech support,Offer discounted or trial tech support,48,Two year,DSL,Credit card (automatic),70.1,3238.4
3970-XGJDU,0,0,0.013946205057083,Low Risk,4937,Medium Value,68.85241436681876,Low,No major rule-based risk factor,Personalized retention outreach,62,Two year,No,Credit card (automatic),19.2,1123.65
3910-MRQOY,0,0,0.0126879020963132,Low Risk,5398,High Value,68.48929551589865,Low,No major rule-based risk factor,Personalized retention outreach,72,Two year,No,Bank transfer (automatic),19.4,1496.45
3429-IFLEM,0,0,0.0141069104282231,Low Risk,4846,Medium Value,68.36208793516914,Low,No major rule-based risk factor,Personalized retention outreach,71,Two year,DSL,Credit card (automatic),77.35,5550.1
6248-BSHKG,0,0,0.0115259178165299,Low Risk,5897,High Value,67.96833736407682,Low,No major rule-based risk factor,Personalized retention outreach,61,One year,No,Mailed check,20.4,1226.45
6917-FIJHC,0,0,0.012590495217001,Low Risk,5374,High Value,67.66132129616338,Low,No major rule-based risk factor,Personalized retention outreach,72,Two year,No,Mailed check,26.0,1776.0
7471-MQPOS,0,0,0.0105349994234556,Low Risk,6404,High Value,67.46613630780966,Low,No online security,Bundle online security with retention offer,71,One year,DSL,Bank transfer (automatic),72.9,5139.65
8619-IJNDK,0,0,0.0153922700645073,Low Risk,4374,Medium Value,67.32578926215493,Low,No major rule-based risk factor,Personalized retention outreach,71,Two year,DSL,Credit card (automatic),64.05,4492.9
7996-BPXHY,0,0,0.0141871261059398,Low Risk,4734,Medium Value,67.16185498551901,Low,No major rule-based risk factor,Personalized retention outreach,13,Two year,No,Bank transfer (automatic),25.0,332.5
7606-BPHHN,0,0,0.0124869465920427,Low Risk,5368,High Value,67.02992930608521,Low,No major rule-based risk factor,Personalized retention outreach,72,Two year,No,Credit card (automatic),19.8,1468.75
7636-PEPNS,0,0,0.0131713718054454,Low Risk,5040,Medium Value,66.38371389944481,Low,No tech support; No online security,Offer discounted or trial tech support; Bundle online security with retention offer,58,One year,DSL,Mailed check,44.1,2413.05
5057-RKGLH,0,0,0.0122835525437192,Low Risk,5352,High Value,65.74157321398516,Low,No major rule-based risk factor,Personalized retention outreach,9,Two year,No,Mailed check,20.35,191.1
9715-WZCLW,0,0,0.0142617031225263,Low Risk,4603,Medium Value,65.64661947298856,Low,Electronic check; Fiber optic service; No tech support; High monthly charges,Promote automatic payment enrollment; Offer discounted or trial tech support; Review plan pricing or offer loyalty discount,71,Two year,Fiber optic,Electronic check,97.2,6910.3
1227-UDMZR,0,0,0.0151156189983152,Low Risk,4311,Medium Value,65.16343350173683,Low,High monthly charges,Review plan pricing or offer loyalty discount,72,Two year,DSL,Bank transfer (automatic),91.15,6637.9
0164-XAIRP,0,0,0.0259474293289211,Low Risk,2511,Low Value,65.15399504492088,Low,No major rule-based risk factor,Personalized retention outreach,24,Two year,No,Bank transfer (automatic),19.55,470.2
3836-FZSDJ,0,0,0.0148902395528158,Low Risk,4367,Medium Value,65.0256761271466,Low,No major rule-based risk factor,Personalized retention outreach,71,Two year,No,Bank transfer (automatic),24.85,1901.0
7641-TQFHN,0,0,0.0206844746108553,Low Risk,3124,Low Value,64.61829868431197,Low,Fiber optic service; No online security; High monthly charges,Bundle online security with retention offer; Review plan pricing or offer loyalty discount,39,Two year,Fiber optic,Mailed check,100.55,3895.35
3071-MVJCD,0,0,0.0154541929597874,Low Risk,4162,Medium Value,64.32035109863516,Low,No major rule-based risk factor,Personalized retention outreach,72,Two year,DSL,Bank transfer (automatic),82.3,5815.15
6332-FBZRI,0,0,0.0114536205187827,Low Risk,5589,High Value,64.01428507947651,Low,No major rule-based risk factor,Personalized retention outreach,67,One year,DSL,Credit card (automatic),69.35,4653.25
7337-CINUD,0,0,0.0122835525437192,Low Risk,5206,High Value,63.94817454260215,Low,No major rule-based risk factor,Personalized retention outreach,8,Two year,No,Bank transfer (automatic),19.5,159.35
4419-UJMUS,0,0,0.013758579160182,Low Risk,4637,Medium Value,63.79853156576393,Low,Electronic check; Fiber optic service; No online security; High monthly charges,Promote automatic payment enrollment; Bundle online security with retention offer; Review plan pricing or offer loyalty discount,69,Two year,Fiber optic,Electronic check,99.35,6856.45
5495-GPSRW,0,0,0.0296279556497171,Low Risk,2120,Low Value,62.811265977400254,Low,No major rule-based risk factor,Personalized retention outreach,20,Two year,No,Mailed check,19.7,419.4
0056-EPFBG,0,0,0.0161043417791542,Low Risk,3899,Low Value,62.79082859692223,Low,No major rule-based risk factor,Personalized retention outreach,20,Two year,DSL,Credit card (automatic),39.4,825.4
5473-KHBPS,0,0,0.014047638998129,Low Risk,4415,Medium Value,62.02032617673954,Low,Fiber optic service; No tech support; No online security; High monthly charges,Offer discounted or trial tech support; Bundle online security with retention offer; Review plan pricing or offer loyalty discount,52,One year,Fiber optic,Credit card (automatic),95.7,4976.15
0463-TXOAK,0,0,0.0107750870743838,Low Risk,5662,High Value,61.00854301516108,Low,No major rule-based risk factor,Personalized retention outreach,52,Two year,No,Credit card (automatic),25.6,1334.5
4086-ATNFV,0,0,0.0134434544514039,Low Risk,4522,Medium Value,60.79130102924843,Low,No tech support,Offer discounted or trial tech support,34,One year,DSL,Mailed check,60.8,2042.05
4302-ZYFEL,0,0,0.0112913533475253,Low Risk,5366,High Value,60.58940206282077,Low,No major rule-based risk factor,Personalized retention outreach,69,One year,No,Credit card (automatic),20.55,1403.1
9530-GRMJG,0,0,0.0107691365907874,Low Risk,5568,High Value,59.962552537504244,Low,Electronic check; No online security,Promote automatic payment enrollment; Bundle online security with retention offer,70,Two year,DSL,Electronic check,84.1,5979.7
4955-VCWBI,0,0,0.012066721542116,Low Risk,4882,Medium Value,58.90973456861031,Low,No major rule-based risk factor,Personalized retention outreach,43,One year,No,Mailed check,20.0,817.95
5063-IUOKK,0,0,0.0292072749269034,Low Risk,2016,Low Value,58.88186625263725,Low,No major rule-based risk factor,Personalized retention outreach,13,Two year,No,Mailed check,19.75,265.75
5825-XJOCM,0,0,0.0229238036897954,Low Risk,2545,Low Value,58.34108039052929,Low,No tech support,Offer discounted or trial tech support,48,One year,DSL,Bank transfer (automatic),64.4,3035.35
3717-FDJFU,0,0,0.0172763324510418,Low Risk,3353,Low Value,57.927542708343154,Low,Short tenure,Trigger new-customer onboarding outreach,5,Two year,No,Mailed check,20.45,106.9
1926-QUZNN,0,0,0.012590495217001,Low Risk,4551,Medium Value,57.29934373257156,Low,No major rule-based risk factor,Personalized retention outreach,72,Two year,No,Bank transfer (automatic),25.25,1841.2
6527-PZFPV,0,0,0.0122644267419233,Low Risk,4654,Medium Value,57.07864205691104,Low,No major rule-based risk factor,Personalized retention outreach,24,One year,No,Credit card (automatic),20.8,469.65
7157-SMCFK,0,0,0.0105380163838979,Low Risk,5411,High Value,57.02120665327154,Low,No major rule-based risk factor,Personalized retention outreach,61,Two year,No,Mailed check,19.75,1124.2
5266-PFRQK,0,0,0.011635102243973,Low Risk,4886,Medium Value,56.84910956405208,Low,No major rule-based risk factor,Personalized retention outreach,52,One year,No,Credit card (automatic),20.85,1071.6
8590-OHDIW,0,0,0.012066721542116,Low Risk,4686,Medium Value,56.544657146355576,Low,No major rule-based risk factor,Personalized retention outreach,38,One year,No,Mailed check,20.3,749.35
6096-EGVTU,0,0,0.0112085757012501,Low Risk,5038,Medium Value,56.468804382898,Low,No major rule-based risk factor,Personalized retention outreach,64,One year,No,Mailed check,24.9,1595.5
6242-SGYTS,0,0,0.0132376267831762,Low Risk,4262,Medium Value,56.418765349896965,Low,Fiber optic service; No tech support; High monthly charges,Offer discounted or trial tech support; Review plan pricing or offer loyalty discount,62,One year,Fiber optic,Credit card (automatic),94.95,5791.85
4877-TSOFF,0,0,0.0124947341580239,Low Risk,4489,Medium Value,56.088861635369284,Low,No major rule-based risk factor,Personalized retention outreach,55,One year,DSL,Bank transfer (automatic),75.75,4264.25
5498-IBWPI,0,0,0.0107082261456721,Low Risk,5232,High Value,56.025439194156434,Low,No online security,Bundle online security with retention offer,66,One year,DSL,Credit card (automatic),49.4,3251.85
8735-SDUFN,0,0,0.0126899954044811,Low Risk,4397,Medium Value,55.7979097935034,Low,No major rule-based risk factor,Personalized retention outreach,72,Two year,No,Bank transfer (automatic),24.3,1778.7
1085-LDWAM,0,0,0.0106809280324827,Low Risk,5188,High Value,55.412654632520244,Low,No major rule-based risk factor,Personalized retention outreach,69,One year,No,Credit card (automatic),20.35,1442.65
5975-BAICR,0,0,0.0212720935168756,Low Risk,2504,Low Value,53.2653221662565,Low,No tech support,Offer discounted or trial tech support,36,One year,DSL,Credit card (automatic),63.7,2188.5
8314-HTWVE,0,0,0.0133464473343742,Low Risk,3973,Low Value,53.02543525946869,Low,No major rule-based risk factor,Personalized retention outreach,7,Two year,No,Mailed check,19.85,144.15
8219-VYBVI,0,0,0.0119902554910145,Low Risk,4295,Medium Value,51.498147333907276,Low,No major rule-based risk factor,Personalized retention outreach,39,Two year,No,Mailed check,25.0,1004.35
9867-XOBQA,0,0,0.0147951546434046,Low Risk,3461,Low Value,51.20603022082332,Low,No major rule-based risk factor,Personalized retention outreach,21,Two year,DSL,Mailed check,53.15,1183.2
1716-LSAMB,0,0,0.0100326416481344,Low Risk,5083,High Value,50.995917497467154,Low,No major rule-based risk factor,Personalized retention outreach,45,Two year,DSL,Bank transfer (automatic),54.65,2553.7
4227-OJHAL,0,0,0.0117888572634873,Low Risk,4156,Medium Value,48.994490787053216,Low,No tech support,Offer discounted or trial tech support,68,One year,DSL,Credit card (automatic),73.0,5163.0
2236-HILPA,0,0,0.0076164514037527,Low Risk,6403,High Value,48.76813833822854,Low,No major rule-based risk factor,Personalized retention outreach,62,Two year,No,Credit card (automatic),20.65,1218.45
0040-HALCW,0,0,0.0076164514037527,Low Risk,6393,High Value,48.69197382419101,Low,No major rule-based risk factor,Personalized retention outreach,54,Two year,No,Credit card (automatic),20.4,1090.6
8690-UPCZI,0,0,0.0105684500574372,Low Risk,4459,Medium Value,47.12471880611247,Low,No major rule-based risk factor,Personalized retention outreach,29,One year,DSL,Bank transfer (automatic),69.05,1958.45
2885-HIJDH,0,0,0.0100732046246801,Low Risk,4667,Medium Value,47.011645983382024,Low,No major rule-based risk factor,Personalized retention outreach,69,Two year,DSL,Bank transfer (automatic),86.9,6194.1
4962-CHQPW,0,0,0.0159230380935066,Low Risk,2941,Low Value,46.82965503300291,Low,No major rule-based risk factor,Personalized retention outreach,29,One year,No,Mailed check,19.85,535.05
3580-GICBM,0,0,0.0075485705210653,Low Risk,6201,High Value,46.808685801125925,Low,No major rule-based risk factor,Personalized retention outreach,61,Two year,No,Mailed check,24.2,1445.2
8711-LOBKY,0,0,0.0076164514037527,Low Risk,6144,High Value,46.79547742465659,Low,No major rule-based risk factor,Personalized retention outreach,59,Two year,No,Mailed check,19.85,1188.25
6519-ZHPXP,0,0,0.0110815668708316,Low Risk,4183,Medium Value,46.35419422068858,Low,Fiber optic service; High monthly charges,Review plan pricing or offer loyalty discount,72,Two year,Fiber optic,Bank transfer (automatic),108.3,7679.65
2346-LOCWC,0,0,0.0074525491744055,Low Risk,6186,High Value,46.10146919287242,Low,No major rule-based risk factor,Personalized retention outreach,58,Two year,No,Credit card (automatic),20.5,1191.4
5751-USDBL,0,0,0.0107277923185435,Low Risk,4280,Medium Value,45.91495112336618,Low,No major rule-based risk factor,Personalized retention outreach,46,Two year,DSL,Mailed check,81.0,3846.35
4530-NDRKU,0,0,0.0090002880853207,Low Risk,5091,High Value,45.820466642367684,Low,Electronic check,Promote automatic payment enrollment,42,One year,No,Electronic check,19.05,761.85
1063-DHQJF,0,0,0.0078618508356508,Low Risk,5817,High Value,45.73238631098071,Low,Fiber optic service; No online security; High monthly charges,Bundle online security with retention offer; Review plan pricing or offer loyalty discount,69,Two year,Fiber optic,Mailed check,92.15,6480.9
3088-FVYWK,0,0,0.0077883138397299,Low Risk,5794,High Value,45.12549038739504,Low,No major rule-based risk factor,Personalized retention outreach,53,Two year,No,Credit card (automatic),25.55,1336.1
2263-SFSQZ,0,0,0.0082252439754061,Low Risk,5461,High Value,44.91805734969271,Low,No major rule-based risk factor,Personalized retention outreach,51,Two year,No,Mailed check,24.95,1222.25
9537-JALFH,0,0,0.0073905422333692,Low Risk,6058,High Value,44.77190484975061,Low,No major rule-based risk factor,Personalized retention outreach,69,Two year,No,Bank transfer (automatic),19.9,1356.7
0298-XACET,0,0,0.0082277877021602,Low Risk,5396,High Value,44.39714244085644,Low,No online security,Bundle online security with retention offer,52,Two year,DSL,Mailed check,50.2,2554.0
9758-MFWGD,0,0,0.0169559771497162,Low Risk,2617,Low Value,44.373792200807294,Low,No tech support; No online security,Offer discounted or trial tech support; Bundle online security with retention offer,48,One year,DSL,Bank transfer (automatic),29.9,1388.75
1830-IPXVJ,0,0,0.0072314660312706,Low Risk,6108,High Value,44.169794519000824,Low,No major rule-based risk factor,Personalized retention outreach,61,Two year,No,Credit card (automatic),19.75,1311.6
6967-PEJLL,0,0,0.0190643007055826,Low Risk,2308,Low Value,44.00040602848464,Low,Electronic check,Promote automatic payment enrollment,37,One year,DSL,Electronic check,40.2,1525.35
8779-YIQQA,0,0,0.0134950083724015,Low Risk,3243,Low Value,43.764312151698064,Low,No major rule-based risk factor,Personalized retention outreach,21,One year,No,Mailed check,19.8,350.1
4779-ZGICK,0,0,0.0086695987327121,Low Risk,5019,Medium Value,43.51271603948203,Low,No major rule-based risk factor,Personalized retention outreach,48,Two year,No,Mailed check,23.55,1173.35
6013-BHCAW,0,0,0.0103959326222588,Low Risk,4151,Medium Value,43.15351631499628,Low,No online security,Bundle online security with retention offer,61,Two year,DSL,Bank transfer (automatic),81.0,4976.15
9108-EQPNQ,0,0,0.0135068464394109,Low Risk,3179,Low Value,42.93826483088725,Low,No major rule-based risk factor,Personalized retention outreach,10,Two year,No,Credit card (automatic),26.1,225.55
3967-VQOGC,0,0,0.0073357899270533,Low Risk,5847,High Value,42.89236370348065,Low,No major rule-based risk factor,Personalized retention outreach,67,Two year,No,Mailed check,24.9,1680.25
5696-CEIQJ,0,0,0.0097747755219014,Low Risk,4376,Medium Value,42.774417683840525,Low,Fiber optic service; No online security; High monthly charges,Bundle online security with retention offer; Review plan pricing or offer loyalty discount,67,Two year,Fiber optic,Bank transfer (automatic),103.15,6895.5
0980-FEXWF,0,0,0.0125166178265198,Low Risk,3386,Low Value,42.38126796059604,Low,No tech support; No online security,Offer discounted or trial tech support; Bundle online security with retention offer,26,One year,DSL,Mailed check,50.35,1285.8
2335-GSODA,0,0,0.0180394300724178,Low Risk,2327,Low Value,41.97775377851622,Low,No major rule-based risk factor,Personalized retention outreach,23,Two year,DSL,Mailed check,40.1,857.75
5457-COLHT,0,0,0.0090565066450416,Low Risk,4618,Medium Value,41.82294768680211,Low,No major rule-based risk factor,Personalized retention outreach,69,Two year,DSL,Bank transfer (automatic),80.65,5542.55
3563-SVYLG,0,0,0.0079079981024908,Low Risk,5215,High Value,41.24021010448952,Low,No major rule-based risk factor,Personalized retention outreach,68,Two year,DSL,Credit card (automatic),62.65,4375.8
2230-XTUWL,0,0,0.0074525491744055,Low Risk,5461,High Value,40.69837104142844,Low,No major rule-based risk factor,Personalized retention outreach,48,Two year,No,Mailed check,19.55,883.35
9135-HSWOC,0,0,0.007460848141081,Low Risk,5431,High Value,40.51986625421091,Low,No major rule-based risk factor,Personalized retention outreach,64,Two year,No,Bank transfer (automatic),19.7,1274.05
2075-PUEPR,0,0,0.0076164514037527,Low Risk,5248,High Value,39.97113696689417,Low,No major rule-based risk factor,Personalized retention outreach,55,Two year,No,Bank transfer (automatic),19.35,1153.25
1088-AUUZZ,0,0,0.0074984201590736,Low Risk,5314,High Value,39.846604725317114,Low,No major rule-based risk factor,Personalized retention outreach,56,Two year,DSL,Credit card (automatic),75.85,4261.2
5181-OABFK,0,0,0.0094834594047292,Low Risk,4173,Medium Value,39.57447609593495,Low,No tech support,Offer discounted or trial tech support,56,Two year,DSL,Credit card (automatic),61.3,3346.8
2824-DXNKN,0,0,0.0068772694568716,Low Risk,5656,High Value,38.89783604806577,Low,No tech support,Offer discounted or trial tech support,72,Two year,DSL,Bank transfer (automatic),71.45,5025.85
8173-RXAYP,0,0,0.0083695211055228,Low Risk,4642,Medium Value,38.85131697183684,Low,No major rule-based risk factor,Personalized retention outreach,24,Two year,No,Mailed check,19.7,452.55
8129-GMVGI,0,0,0.0074525491744055,Low Risk,5172,High Value,38.544584330025245,Low,No major rule-based risk factor,Personalized retention outreach,56,Two year,No,Mailed check,20.05,1090.1
4742-TXUEX,0,0,0.0064569842908637,Low Risk,5829,High Value,37.63776143144451,Low,No major rule-based risk factor,Personalized retention outreach,47,Two year,No,Bank transfer (automatic),19.3,890.5
3396-DKDEL,0,0,0.0084636499172759,Low Risk,4388,Medium Value,37.138495837006644,Low,Fiber optic service; High monthly charges,Review plan pricing or offer loyalty discount,70,Two year,Fiber optic,Credit card (automatic),115.15,8250.0
3511-BFTJW,0,0,0.0078100143799684,Low Risk,4710,Medium Value,36.785167729651164,Low,No tech support,Offer discounted or trial tech support,72,Two year,DSL,Credit card (automatic),38.5,2763.0
8532-UEFWH,0,0,0.0077883138397299,Low Risk,4676,Medium Value,36.41815551457701,Low,No major rule-based risk factor,Personalized retention outreach,52,Two year,No,Mailed check,25.75,1345.85
6340-DACFT,0,0,0.0074525491744055,Low Risk,4878,Medium Value,36.353534872750025,Low,No major rule-based risk factor,Personalized retention outreach,50,Two year,No,Credit card (automatic),20.55,1070.25
3831-YCPUO,0,0,0.0056354071622077,Low Risk,6419,High Value,36.17367857421122,Low,Fiber optic service; High monthly charges,Review plan pricing or offer loyalty discount,72,Two year,Fiber optic,Credit card (automatic),109.5,7854.9
0263-FJTQO,0,0,0.0087816104805288,Low Risk,4022,Medium Value,35.31963735268683,Low,No major rule-based risk factor,Personalized retention outreach,50,Two year,DSL,Credit card (automatic),70.5,3486.65
3978-YNKDD,0,0,0.0130237367418757,Low Risk,2654,Low Value,34.56499731293811,Low,No major rule-based risk factor,Personalized retention outreach,19,Two year,No,Credit card (automatic),20.85,467.5
5845-BZZIB,0,0,0.0076164514037527,Low Risk,4517,Medium Value,34.403510990750945,Low,No major rule-based risk factor,Personalized retention outreach,35,Two year,No,Mailed check,20.1,655.3
7729-XBTWX,0,0,0.007460848141081,Low Risk,4485,Medium Value,33.461903912748284,Low,No major rule-based risk factor,Personalized retention outreach,66,Two year,No,Mailed check,19.75,1344.5
1403-GYAFU,0,0,0.0073905422333692,Low Risk,4485,Medium Value,33.146581916660864,Low,No major rule-based risk factor,Personalized retention outreach,70,Two year,No,Credit card (automatic),20.05,1360.25
0962-CQPWQ,0,0,0.0072314660312706,Low Risk,4574,Medium Value,33.07672562703172,Low,No major rule-based risk factor,Personalized retention outreach,62,Two year,No,Bank transfer (automatic),20.3,1296.15
1697-LYYYX,0,0,0.0072981647555275,Low Risk,4376,Medium Value,31.93676897018834,Low,No major rule-based risk factor,Personalized retention outreach,61,One year,No,Credit card (automatic),19.1,1143.8
1494-EJZDW,0,0,0.0110529012720455,Low Risk,2836,Low Value,31.346028007521035,Low,No major rule-based risk factor,Personalized retention outreach,10,Two year,No,Mailed check,20.15,220.8
3508-VLHCZ,0,0,0.0051028753358735,Low Risk,6009,High Value,30.66317789326386,Low,High monthly charges,Review plan pricing or offer loyalty discount,71,Two year,DSL,Credit card (automatic),90.55,6239.05
0017-IUDMW,0,0,0.004901995844745,Low Risk,6252,High Value,30.647278021345738,Low,Fiber optic service; High monthly charges,Review plan pricing or offer loyalty discount,72,Two year,Fiber optic,Credit card (automatic),116.8,8456.75
7717-BICXI,0,0,0.0076164514037527,Low Risk,4020,Medium Value,30.618134643085856,Low,No major rule-based risk factor,Personalized retention outreach,60,Two year,No,Mailed check,20.55,1205.05
4335-UPJSI,0,0,0.0115765834050899,Low Risk,2639,Low Value,30.550603606032247,Low,No major rule-based risk factor,Personalized retention outreach,24,Two year,No,Mailed check,19.75,498.1
1574-DYCWE,0,0,0.0074525491744055,Low Risk,4057,Medium Value,30.234992000563114,Low,No major rule-based risk factor,Personalized retention outreach,51,Two year,No,Mailed check,19.95,1028.75
1709-EJDOX,0,0,0.0074525491744055,Low Risk,3843,Low Value,28.640146477240336,Low,No major rule-based risk factor,Personalized retention outreach,47,Two year,No,Mailed check,19.75,948.9
9067-SQTNS,0,0,0.0115259178165299,Low Risk,2471,Low Value,28.48054292464538,Low,No major rule-based risk factor,Personalized retention outreach,44,One year,No,Bank transfer (automatic),20.6,926.0
3812-LRZIR,0,0,0.0106928683728572,Low Risk,2645,Low Value,28.282636846207293,Low,Electronic check,Promote automatic payment enrollment,27,Two year,No,Electronic check,24.5,761.95
3470-OBUET,0,0,0.0067369654832777,Low Risk,4188,Medium Value,28.21441144396701,Low,No major rule-based risk factor,Personalized retention outreach,67,Two year,DSL,Credit card (automatic),74.0,4868.4
9365-CSLBQ,0,0,0.0067901242230002,Low Risk,4155,Medium Value,28.21296614656583,Low,No major rule-based risk factor,Personalized retention outreach,71,Two year,No,Mailed check,24.35,1654.6
7216-KAOID,0,0,0.0115259178165299,Low Risk,2446,Low Value,28.192394979232134,Low,No major rule-based risk factor,Personalized retention outreach,41,One year,No,Bank transfer (automatic),19.5,798.2
1776-SPBWV,0,0,0.0122372676822241,Low Risk,2272,Low Value,27.803072174013156,Low,No major rule-based risk factor,Personalized retention outreach,34,One year,No,Bank transfer (automatic),20.1,682.1
2266-FUBDZ,0,0,0.0100345415645855,Low Risk,2742,Low Value,27.514712970093445,Low,No major rule-based risk factor,Personalized retention outreach,15,Two year,No,Mailed check,19.35,278.85
3642-BYHDO,0,0,0.0046834023911709,Low Risk,5789,High Value,27.11221644248834,Low,No major rule-based risk factor,Personalized retention outreach,71,Two year,No,Bank transfer (automatic),19.9,1389.35
8915-NNTRC,0,0,0.0062010642949416,Low Risk,4351,Medium Value,26.980830747290902,Low,Fiber optic service; High monthly charges,Review plan pricing or offer loyalty discount,72,Two year,Fiber optic,Credit card (automatic),107.7,7919.8
6283-GITPX,0,0,0.0058118030537453,Low Risk,4633,Medium Value,26.926083548001973,Low,No major rule-based risk factor,Personalized retention outreach,71,Two year,DSL,Credit card (automatic),76.9,5522.7
0174-QRVVY,0,0,0.0046042782710753,Low Risk,5747,High Value,26.46078722386975,Low,No major rule-based risk factor,Personalized retention outreach,71,Two year,No,Credit card (automatic),25.35,1847.55
1555-HAPSU,0,0,0.0047966973168568,Low Risk,5471,High Value,26.242731020523554,Low,No major rule-based risk factor,Personalized retention outreach,71,Two year,No,Credit card (automatic),23.9,1663.5
5296-BFCYD,0,0,0.0076888897286567,Low Risk,3392,Low Value,26.080713959603525,Low,No major rule-based risk factor,Personalized retention outreach,46,Two year,No,Mailed check,20.1,936.85
8292-ITGYJ,0,0,0.0084029570585864,Low Risk,3043,Low Value,25.570198329278416,Low,No major rule-based risk factor,Personalized retention outreach,45,Two year,No,Bank transfer (automatic),24.65,1138.8
7632-YUTXB,0,0,0.0126606010010105,Low Risk,2010,Low Value,25.447808012031103,Low,No major rule-based risk factor,Personalized retention outreach,25,One year,No,Mailed check,20.05,520.1
5727-MYATE,0,0,0.0050598274628403,Low Risk,5028,Medium Value,25.44081248316103,Low,High monthly charges,Review plan pricing or offer loyalty discount,72,Two year,DSL,Credit card (automatic),90.8,6397.6
0769-MURVM,0,0,0.0041114416322975,Low Risk,6187,High Value,25.437489379024633,Low,No major rule-based risk factor,Personalized retention outreach,72,Two year,DSL,Bank transfer (automatic),65.7,4575.35
4674-HGNUA,0,0,0.0056759019767992,Low Risk,4444,Medium Value,25.223708384895644,Low,High monthly charges,Review plan pricing or offer loyalty discount,71,Two year,DSL,Credit card (automatic),89.9,6457.15
0301-FIDRB,0,0,0.0040723684561512,Low Risk,6107,High Value,24.869954161715377,Low,No major rule-based risk factor,Personalized retention outreach,72,Two year,DSL,Bank transfer (automatic),63.8,4684.3
0480-KYJVA,0,0,0.0041718177749677,Low Risk,5897,High Value,24.601209418984524,Low,No major rule-based risk factor,Personalized retention outreach,72,Two year,No,Credit card (automatic),24.25,1784.5
4086-WITJG,0,0,0.0047866971058163,Low Risk,4808,Medium Value,23.014439684764767,Low,No major rule-based risk factor,Personalized retention outreach,71,Two year,No,Credit card (automatic),19.7,1301.1
9114-DPSIA,0,0,0.0054098506207871,Low Risk,4237,Medium Value,22.92153708027494,Low,No major rule-based risk factor,Personalized retention outreach,72,Two year,DSL,Credit card (automatic),81.0,5750.0
2925-VDZHY,0,0,0.0049370541160875,Low Risk,4641,Medium Value,22.912868152762087,Low,No major rule-based risk factor,Personalized retention outreach,72,Two year,DSL,Credit card (automatic),88.7,6501.35
9950-MTGYX,0,0,0.0077245910317842,Low Risk,2948,Low Value,22.77209436169982,Low,No major rule-based risk factor,Personalized retention outreach,28,Two year,No,Credit card (automatic),20.3,487.95
8015-IHCGW,0,0,0.0056441666592987,Low Risk,4017,Medium Value,22.672617470402876,Low,Electronic check; Fiber optic service; High monthly charges,Promote automatic payment enrollment; Review plan pricing or offer loyalty discount,72,Two year,Fiber optic,Electronic check,115.5,8425.15
2892-GESUL,0,0,0.0098625494763838,Low Risk,2269,Low Value,22.378124761914844,Low,No major rule-based risk factor,Personalized retention outreach,18,Two year,No,Mailed check,19.35,309.25
0402-OAMEN,0,0,0.0041718177749677,Low Risk,5335,High Value,22.256647829452678,Low,No major rule-based risk factor,Personalized retention outreach,72,Two year,No,Bank transfer (automatic),24.45,1709.1
0625-AFOHS,0,0,0.0079753003722649,Low Risk,2784,Low Value,22.203236236385482,Low,No major rule-based risk factor,Personalized retention outreach,29,Two year,No,Mailed check,20.2,558.8
0794-YVSGE,0,0,0.0041631148704889,Low Risk,5265,High Value,21.918799793124055,Low,No major rule-based risk factor,Personalized retention outreach,72,Two year,No,Bank transfer (automatic),20.3,1401.15
6365-HITVU,0,0,0.0052671642588454,Low Risk,4135,Medium Value,21.779724210325732,Low,No major rule-based risk factor,Personalized retention outreach,71,Two year,DSL,Credit card (automatic),87.25,6328.7
4277-BWBML,0,0,0.0041631148704889,Low Risk,5092,High Value,21.198580920529476,Low,No major rule-based risk factor,Personalized retention outreach,72,Two year,No,Bank transfer (automatic),19.95,1322.85
8165-ZJRNM,0,0,0.0041718177749677,Low Risk,4923,Medium Value,20.537858906165987,Low,No major rule-based risk factor,Personalized retention outreach,72,Two year,No,Bank transfer (automatic),23.75,1679.25
1820-DJFPH,0,0,0.0041321731935907,Low Risk,4755,Medium Value,19.64848353552378,Low,No major rule-based risk factor,Personalized retention outreach,72,Two year,No,Bank transfer (automatic),24.05,1709.15
4821-WQOYN,0,0,0.0039740966028854,Low Risk,4603,Medium Value,18.292766663081498,Low,No major rule-based risk factor,Personalized retention outreach,72,Two year,No,Credit card (automatic),20.1,1326.25
9430-NKQLY,0,0,0.0043699840692422,Low Risk,4185,Medium Value,18.288383329778608,Low,No major rule-based risk factor,Personalized retention outreach,72,Two year,No,Credit card (automatic),25.1,1790.8
8224-KDLKN,0,0,0.0042638775791717,Low Risk,4275,Medium Value,18.228076650959018,Low,No major rule-based risk factor,Personalized retention outreach,72,Two year,No,Bank transfer (automatic),25.0,1738.9
1166-PQLGG,0,0,0.0040732216973067,Low Risk,4424,Medium Value,18.01993278888484,Low,No major rule-based risk factor,Personalized retention outreach,72,Two year,No,Bank transfer (automatic),19.55,1463.45
3913-FCUUW,0,0,0.0040127343246932,Low Risk,4463,Medium Value,17.90883329110575,Low,No major rule-based risk factor,Personalized retention outreach,72,Two year,DSL,Bank transfer (automatic),70.45,5165.7
0562-FGDCR,0,0,0.0037938622161752,Low Risk,4703,Medium Value,17.842534002671965,Low,No major rule-based risk factor,Personalized retention outreach,72,Two year,DSL,Mailed check,74.55,5430.65
6169-PPETC,0,0,0.0076164514037527,Low Risk,2009,Low Value,15.301450870139176,Low,No major rule-based risk factor,Personalized retention outreach,35,Two year,No,Bank transfer (automatic),20.5,759.35
9945-PSVIP,0,0,0.0054870068824399,Low Risk,2289,Low Value,12.55975875390493,Low,No major rule-based risk factor,Personalized retention outreach,25,Two year,No,Mailed check,18.7,383.65
